Adresse,Code postal,Téléphone,Téléphone sans frais,Télécopieur,Courriel,Site Internet,Total: PSL,Total: HLM,Total: Total
" 151, rue Saint-Jean-Baptiste , Case postale 4", G0L 1K0, (418) 898-2152,, (418) 898-2093, lesamisdesaines@bellnet.ca,,0,11,11
" 589, rue Richard", G0L 4K0, (418) 851-2861,,,,,10,0,10
" 315, rue Saint-Jean-Baptiste Est", G5L 1Y8, (418) 723-0441,,, direction@larrimage.com,,1,0,1
" 261, avenue Chapleau", G0L 3Y0, (418) 308-0724,,, envol.aphk@videotron.ca,,8,0,8
" 101-C, rue Collin , Case postale 387", G0L 2P0, (418) 963-2272,,, direction.cval@gmail.com,,16,0,16
" 119, rue Claude , Case postale 99", G0L 2P0,,,, centremulti@hotmail.com,,6,0,6
" 293, rue Saint-Louis", G5L 9H2, (418) 722-0463,,, cpaarn.dg@gmail.com,,34,0,34
" 172, rue Saint-Jacques", G5L 4G8, (418) 724-4337,, (418) 724-2603, secretariat@centredecrisebsl.qc.ca,,0,0,0
" 145, avenue Ulric-Tessier", G0J 3H0, (418) 737-4590,,,,,17,0,17
" 122, rue Principale, bureau 175 , Case postale 69", G0L 2H0, (418) 493-2142,, (418) 493-2142, residence_desjardins@hotmail.com,,31,0,31
" 476, rue Principale Est", G0L 2V0, (418) 898-3214,,, moncheznous@derytele.com,,5,0,5
" Bureau 212 , 75, avenue des Retraites", G5H 1E7, (418) 775-5295,, (418) 775-9675, lucie.berube@omhlamitis.ca,,22,6,28
" 125, rue Chouinard", G0J 2L0,,,, villavm@cgocable.ca,,10,0,10
" 909, rue Principale", G0L 3N0,,,, corpjeannoise@outlook.com,,2,0,2
" 6000, rue Adélard-Lapointe", G0L 3J0,,,, domainedespivoines@videotron.ca,,9,0,9
" 135, rue de la Seigneurie", G0L 4K0, (418) 851-1117,,, domaine3p@gmail.com,,15,0,15
" 76, 2e Rue Est", G5L 0A6, (418) 722-8449,,, direction@maisonmarieelisabeth.ca,,0,0,0
" 44, des Chauffailles", G5R 4E1, (581) 337-7131,,, fondation@maisondesjardinskrtb.ca,,0,0,0
" 5, rue de l'Église Ouest", G0L 4G0, (418) 963-2967,,, admin@ste-rita.ca,,3,0,3
" 31, rue de l'Église", G0L 1T0, (418) 893-5000,, (418) 893-7228, habitations31@gmail.com,,1,0,1
" 1058, rue Principale , Case postale 9", G0J 1A0, (418) 756-3554,, (418) 756-3552, albertville@mrcmatapedia.qc.ca,,3,0,3
" 2, rue Verreault", G0L 1K0, (418) 714-2811,,, johannelaf@hotmail.com,,9,0,9
" 310, avenue Principale", G5T 1M4, (418) 853-5013,,, habitationsdegelis@videotron.ca,,27,0,27
" 61, rue des Érables", G0K 1P0,,,, pavillonluceville@gmail.com,,6,0,6
" 74, rue Principale , Case postale 130", G0K 1V0,,,, habecolda@outlook.com,,2,0,2
 Case postale 2013, G0L 1G0, (418) 862-7447,,, mpkakou44@gmail.com,,3,0,3
" 50, rue Fournier, appartement 16", G0J 3K0, (418) 536-3266,,, michelhalle55@yahoo.ca,,1,0,1
" 21, rue Nicolas-Rioux", G0L 1P0, (418) 869-3317,,, habitationsnr@outlook.com,,3,0,3
" 141, rue Saint-Jean-Baptiste", G0L 1K0, (418) 898-3637,,, leshabitationspopulaires2012@gmail.com,,5,0,5
" 175, rue Bellevue", G0L 2L0,,,, jessy.berube@mallette.ca,,8,0,8
" 18, rue Martin", G0L 3X0, (418) 852-2525,,, leshabitationsst.pacome@gmail.com,,11,0,11
" 2, rue Saint-Louis", G0K 1P0,,,, sylviaomh@cgocable.ca,,8,0,8
" 321, rue de l'Église", G0L 2M0, (418) 308-0838,,, administration@habitationssaintbruno.ca,,10,0,10
" 212, rue du Couvent", G0L 2X0, (418) 868-0300,, (418) 248-4562, manoirstepiphane@hotmail.com,,4,0,4
" 1, rue des Habitations", G0L 3K0, (418) 497-2655,,, villasthonore@outlook.com,,0,0,0
" 475, rue Monette", G0L 1J0, (418) 859-3207,,, habitationsstvallier@gmail.com,,16,0,16
" 19-A, rue Turcotte", G0J 3A0, (418) 776-2936,,, stnoel@mrcmatapedia.quebec,,2,0,2
" 306, rue Principale", G0L 3W0, (418) 867-8750,, (418) 867-8750, habitationsdescones@hotmail.com,,6,0,6
 Case postale 5057, G0L 1E0, (418) 854-7160,, (418) 854-9256, autretoit@bellnet.ca,,0,0,0
 Case postale 274, G4W 3N2, (418) 562-3377,,, adgigogne@hotmail.com,,5,0,5
" 5, rue de la Fabrique", G0L 2K0, (418) 862-7780,,, residencest-arsene@hotmail.com,,11,0,11
" 12, rue Saint-Pierre, bureau 10", G5L 6C1, (418) 722-8535,,, comptabilite@atena.qc.ca,,5,0,5
" 307, rue Bon-Pasteur", G4W 3E1, (418) 562-3196,, (418) 562-8323, office.matane@globetrotter.net,,24,0,24
" 141, avenue de la Gare , Case postale 392", G5H 3L2, (418) 775-8933,, (418) 775-8911, maisontournesol141@gmail.com,,0,8,8
" 9, rue du Domaine", G5R 2P6, (418) 867-8580,,, admin@labouffeedair.com,,0,0,0
" Bureau 300 , 201, rue des Quatre-Vents", G0L 3B0,,,, maisonoctavie1@gmail.com,,10,0,10
 Case postale 3251, G0L 3Y0, (418) 492-2358,,, mado_30@hotmail.com,,5,0,5
" 33, rue de la Jeunesse", G0L 2B0,,,, manoir.alphonse.beaulieu@gmail.com,,7,0,7
" 1, rue des Pommiers", G5R 5K9, (418) 862-2929,,, DG.ManoirdesPommiers.RDL@gmail.com,,14,0,14
" 16, route de l'Église , Case postale 555", G0L 2J0, (418) 605-1829,,, manoir.st-antonin@videotron.ca,,15,0,15
" 5, rue des Pommiers", G5R 5K9, (418) 867-4607,,, notremaison@hotmail.ca,,8,0,8
" 110, rue Deschamps", G0L 2Y0, (418) 899-1661,,, oasisdesaines@bellnet.ca,,0,0,0
" 5, rue Principale Sud , Case postale 10", G0L 3L0, (418) 497-1186,, (418) 497-1186, pavillondurocher5@outlook.com,,0,24,24
" 97, rue Saint-Charles", G0L 3S0, (418) 854-1779,,, residence.parent@videotron.ca,,15,0,15
" 723, route 289", G0L 2G0, (418) 495-3333,,, residencedesaines@hotmail.com,,4,0,4
" 151, rue Saint-Louis , Case postale 4151", G5L 0A4, (418) 724-0600,, (418) 724-9725, info@aceq.org, www.aceq.org,0,33,33
" 18, place de l'Église", G0J 2W0, (418) 743-2292,, (418) 743-2914, residencesleonaises@gmail.com,,9,0,9
" 7-B, 5e Rue , Case postale 323", G5L 7C3, (418) 722-7233,,, direction@laressource.tv,,36,0,36
" 6, route du Rang 2", G0J 1J0, (418) 756-1803,,, admseigneurie@cgocable.ca,,15,0,15
" 407, 5e rue Rouleau", G0R 1Z0, (418) 856-2202,,, direction@tandem-jeunesse.com,,0,0,0
" 257, rue Saint-Jean-Baptiste", G0V 1J0, (418) 272-3431,,, lesainesdelanse@derytele.com,,9,0,9
" 1255, rue des Mélèzes", G8K 2W7, (418) 679-5453,, (418) 679-5806, asso.hand.goeland@bellnet.ca,,0,10,10
" 1005, rue Verchères", G8K 2Z5,,,, ajis.repit@gmail.com,,0,0,0
" Bureau 204 , 112, avenue de l'Église", G8L 4W4, (418) 276-7551,,, cgaudreault@waskahegen.com,,0,0,0
" 3958, rue de la Fabrique", G7X 3N2, (418) 547-3644,, (418) 547-9304, escale@centreescale.com,,0,12,12
" 750, rue des Pins Oeust", G3K 1M6, (418) 668-4758,, (888) 668-4758, Info@ctasaglac.com,,0,6,6
" 114, avenue Bergeron", G0W 2P0, (418) 345-2020,,, complexe.grandmont@outlook.fr,,3,0,3
" 109, rue Bélair", G0W 1K0, (418) 374-2610,,, cle2011@hotmail.ca,,0,8,8
" 7, rue Martel", G0W 2K0, (418) 349-8455,,, froh@rqoh.com,,0,7,7
" 15, avenue du Moulin", G0W 1P0, (418) 274-3638,,, residenceblesdor15@gmail.com,,6,0,6
" Bureau 204 , 112, avenue de l'Eglise", G8L 4W4,,,, corpo@waskahegen.com,,2,0,2
" 550, chemin Principal , Case postale 9", G0W 2M0, (418) 274-6244,,, domainebeauxjours-omh@derytele.com,,0,8,8
" 285, avenue Eymard Nord", G8B 5J3, (418) 668-3357,, (418) 668-0534, gclaad@cgocable.ca,,0,10,10
" 159, 1re rue", G0W 2V0, (418) 662-5525,,, oasisdesbatisseurs@hotmail.fr,,10,0,10
" 25, rue Néron, bureau 200", G7H 8B7, (418) 543-9670,, (418) 543-7862, habitationpopulaire@bellnet.ca,,0,6,6
" 25, rue Néron, bureau 200", G7H 8B7, (418) 543-9670,, (418) 543-7862, habitationpopulaire@bellnet.ca,,0,8,8
" 600, rue Gauthier", G0W 1Z0, (418) 547-8523,, (418) 542-1732, finances@omhsaguenay.qc.ca,,0,4,4
" 25, rue Néron, bureau 200 , Chicoutimi", G7H 8B7, (418) 543-9670,, (418) 543-7862, habitationpopulaire@bellnet.ca,,0,6,6
" 225, rue Labonté", G8N 0C7, (581) 718-1203,,, havrecurehebert@gmail.com,,15,0,15
" 206, rue Racine Est", G7H 1R9, (418) 542-6472,, (418) 542-5768, jgirard@omhsaguenay.qc.ca,,103,0,103
" 1213, avenue du Rocher", G8M 3X4, (418) 274-6373,, (418) 274-2587, macn6373@gmail.com,,26,0,26
" 86, avenue Roberval , Case postale 131", G8H 2N6, (418) 275-6862,, (418) 275-8279, administration@maisonducheminement.com,,0,8,8
" 4937, boulevard du Royaume", G7X 7V5, (418) 695-3405,, (418) 548-3095, renaudchristine@hotmail.com,,0,21,21
" 1969, rue Price", G7X 5S2, (418) 695-6026,, (418) 695-3125, finances@mnelan.com,,9,21,30
" 546, boulevard Talbot", G7H 4A5, (418) 543-5822,,, maisonnee.evelyne@gmail.com,,0,0,0
" 25, rue de la Plaine, bureau 100", G0W 1G0, (581) 816-1326,,, manoirchambordais@outlook.com,,11,0,11
" 615, avenue de la Fabrique", G0W 1R0, (418) 258-3845,, (418) 258-3845, retraite615@gmail.com,,3,0,3
" 4822, rue des Peupliers", G8J 1E6, (418) 256-8222,,, residencedoree8222@gmail.com,,8,0,8
" 165, rue de l'Ecole", G7H 3X8,,,, habitationpopulaire@bellnet.ca,,16,0,16
" 1022, rue Marcelin", G0W 1N0, (581) 817-1214,,, residence.blanchet@ville.desbiens.qc.ca,,14,0,14
" 360, rue Brassard", G8H 3M2, (418) 275-5468,,, residencerose2022@gmail.com,,0,12,12
" 6159, rue Lapointe", G7N 0A4,,,, residencelaterroise@live.ca,,13,0,13
" 1000, 1re Rue Est , Case postale 100", G0W 1Y0,,,, normand.desgagne@ville.ascension.qc.ca,,9,0,9
" 38, rue Frontenac", G7G 2C5,,,, habitationpopulaire@bellnet.ca,,18,0,18
" 2098, rue Octave", G7S 4A7,,,, habitationpopulaire@bellnet.ca,,12,0,12
" 524, rue St-Augustin", G7J 2J9, (418) 549-6462,,, habitationpopulaire@bellnet.ca,,13,0,13
" 996, 1re Rue", G8K 1Y4, (418) 679-0069,, (418) 679-2525, residencestemonique@hotmail.com,,24,0,24
" 99, route de l'Ermitage", G0W 1V0, (581) 818-0109,,, manoirdeslacs@hotmail.com,,9,0,9
" 649, rue Gagné", G0W 1Z0, (418) 547-1788,,, domainedelamontagne7802@gmail.com,,9,0,9
" 458, 2e Rang Ouest", G8G 1M1,,, (418) 349-2395, villadupresbytere@hotmail.com,,4,0,4
" 218, rue Saint-Sauveur", G1N 4S1, (418) 527-8839,, (418) 527-8738, larchecn@gmail.com,,4,23,27
" 1055, boulevard des Chutes", G1E 2E7,,, (418) 624-7444, direction@autismequebec.org,,0,0,0
" 1199, 4e Avenue", G1J 3B4,,,, michael.doyon@actionhabitation.qc.ca,,124,0,124
" 510, boul. Gaudreau", G3M 1L7, (418) 648-1278,, (418) 648-6214, daniel.stgermain@actionhabitation.qc.ca,,5,0,5
" 3894, boulevard Sainte-Anne", G1E 0K5, (418) 667-6801,,, anne.simard@crcpavillon.com,,0,0,0
 1380A boul.René-Lévesque Ouest, G1S 1W6, (418) 688-4240,,,,,0,0,0
" 20, boulevard Charest Est", G1K 3G2, (418) 523-6021,, (418) 523-4424, emile.piche@centrejacquescartier.org,,0,27,27
" 2233, avenue des Martyrs , Case postale 333", G1E 7E4, (418) 661-7909,, (418) 661-5184, corporationhg@videotron.ca,,0,31,31
" 1199, 4e Avenue", G1J 3B4,,,, daniel.stgermain@actionhabitation.qc.ca,,18,0,18
" 989, rue Saint-Edouard", G0A 4K0, (418) 639-9990,, (418) 639-9993,,,0,0,0
" 32, rue du Tricentenaire", G0A 2K0, (418) 822-2662,, (418) 406-3190, villa.mesanges@videotron.ca,,27,0,27
" 21, rue Vermont, bureau 208", G4A 1H7, (418) 439-1665,,, les-patriotes@hotmail.com,,8,0,8
" 190, avenue Bernatchez RC10", G1M 0B1, (418) 682-6999,,, direction@domaineparcsavard.com,,90,0,90
" 1199, 4e Avenue", G1J 3B4, (418) 656-9800,,,,,0,0,0
" 1711, boul. Valcartier", G0A 4S0,,,, hcsgdv@videotron.ca,,10,0,10
" a/s Action-Habitation de Québec , 1199, 4e Avenue", G1J 3B4, (418) 648-1278,, (418) 648-6214, veronique.auger@actionhabitation.qc.ca,,0,22,22
" 4, rue des Audets , Case postale 101", G0A 3V0, (418) 614-2495,,, cjulien@frohqc.com,,0,10,10
" 40, rang Ste-Catherine", G0A 2M0, (418) 240-2122,, (418) 635-2292, helene@alimentscharlevoix.ca,,0,14,14
 12675 Boul. Valcartier, G2A 2N4, (418) 648-1278,,, denis.drapeau@actionhabitation.qc.ca,,27,0,27
" 95, rue de la Pointe-aux-Lièvres", G1K 5Y6, (418) 522-8899,, (418) 522-0267, kgiguere@ipq.quebec,,0,24,24
" 95, rue de la Pointe-aux-Lièvres", G1K 5Y6, (418) 522-8899,, (418) 522-0267, impq@ipq.quebec, www.ipq.quebec,21,0,21
" 1199, 4e Avenue", G1J 3B4,,,, daniel.stgermain@actionhabitation.qc.ca,,33,0,33
" 754, côte d'Abraham", G1R 1A1, (418) 649-9402,, (418) 649-9357, metatransfert3@outlook.com,,13,58,71
" 455, avenue des Oblats", G1K 8P2,,,, cgiroux@ipq.quebec,,14,0,14
" 95, rue de la Pointe-aux-Lièvres", G1K 5Y6, (418) 648-1278,,, daniel.stgermain@actionhabitation.qc.ca,,32,0,32
" a/s Immeuble Populaire de Québec , 95, rue de la Pointe-aux-Lièvres", G1K 5Y6, (418) 522-8899,, (418) 522-0267, impq@ipq.quebec, www.ipq.quebec,5,0,5
" 95, rue de la Pointe-aux-Lièvres", G1K 5Y6, (418) 522-8899,,, nsimard@ipq.quebec,,24,0,24
" 25, chemin du Village", G3B 2M4, (418) 316-5525,,, hsd@ccapcable.com,,21,0,21
" 193, avenue Saint-Michel", G3L 3W4, (418) 337-4558,,, habsr2012@hotmail.ca,,9,0,9
" 1199, 4e Avenue", G1J 3B4,,,, a.coderre@bellnet.ca,,48,0,48
" 1685, Boul. Louis-XIV, bur. 100", G2L 0C7, (418) 627-2410,,, gestionnairehsf@hotmail.com,,47,0,47
" Bureau F. 107-14 , 525, boulevard Wilfrid-Hamel Est", G1M 2S8,,,, helene.blondeau@irdpq.qc.ca,,0,0,0
" Bureau A 300 , 2160, chemin Sainte-Foy", G1V 4T5, (418) 652-1320,,, rejeanduc@videotron.ca,,33,0,33
" 945, rue des Soeurs-de-la- , Charité", G1R 1H8,,,,,,0,0,0
 303-200 rue Panet, G1N 3V8,,,, gestiondsss@gmail.com,,33,0,33
" 1199, 4e Avenue", G1J 3B4,,,, martin.larue@actionhabitation.qc.ca,,56,0,56
" 275, rue du Parvis , Bureau 205A", G1K 6G7, (418) 571-0229,,,,,0,0,0
" 1199, 4e Avenue", G1J 3B4, (418) 648-1278,,, thomas.laprise@actionhabitation.qc.ca,,43,0,43
" Gestion à IPQ Inc. , 95, rue de la Pointe-aux-Lièvres", G2E 1C3, (418) 522-8899,,, impq@immeublepopulaire.qc.ca,,0,61,61
" 1199, 4e Avenue", G1J 3B4,,,, denis.drapeau@actionhabitation.qc.ca,,27,0,27
" 12015, rue de L'Hôpital", G2A 2T6, (418) 407-6378,, (418) 407-6880, info@logisconfort.com,,26,0,26
" 1333, Grand Rang", G3L 4K1,,,, comptabilite-villa@derytele.com,,0,0,0
" 12057, rue de l'Hôpital", G2A 2T6, (418) 845-3072,,, maisondejob@maisondejob.org,,0,0,0
" 188, rue Principale", G0A 3B0, (418) 268-8721,,, quik14@derytele.com,,2,11,13
" 1199, 4e Avenue", G1J 3B4, (418) 648-1278,,, martin.larue@actionhabitation.qc.ca,,69,0,69
" 485, rue du Pont", G1K 0H6,,,, secretariat.general@lauberiviere.org,,18,0,18
" 1199, 4e Avenue", G1J 3B4, (418) 688-9024,, (418) 688-4539, direction@maisonmr.com,,0,0,0
" 1199, 4e Avenue", G1J 3P4, (418) 648-1278,,, danstg@actionhabitation.qc.ca,,11,0,11
" 90, rue du Collège", G3A 1H2, (514) 265-5417,,, r_david23@hotmail.com,,7,0,7
" Bureau administratif , 815, rue de Villers", G1V 4M4,,,, manoirlg@videotron.ca,,14,0,14
" 1199, 4e Avenue", G1J 3B4, (418) 648-1278,,, grt@actionhabitation.qc.ca,,30,0,30
" 727, 8e Avenue", G1J 3M3, (418) 522-5139,,, accueil@meresetmonde.qc.ca,,23,0,23
" Appartement 216 , 9755, boulevard de l'Ormière", G2B 0P8, (418) 847-6619,,, milieudevietcc@gmail.com,,24,0,24
" 1199, 4e Avenue", G1J 3B4,,,, daniel.stgermain@actionhabitation.qc.ca,,34,0,34
" 9155, boulevard Mathieu", G1G 6J9, (418) 623-8606,, (418) 628-0637, lise.bedard@ln.ca,,0,24,24
" 103, rue Racine", G2B 1C9, (418) 842-7462,,, dboivin@lepiolet.com,,50,0,50
" 130, boulevard Charest Est", G1K 0E2, (418) 523-2820,,, pech@qc.aira.com,,84,0,84
" 2500, avenue de L'Abbé-Giguère", G1C 5V9,,,, efortier@immeublepopulaire.qc.ca,,9,0,9
" 9155, boulevard Mathieu", G1G 6J9, (418) 623-8606,, (418) 628-0637, lise.bedard@ln.ca,,0,20,20
" 2A, rue Monseigneur-Marc-Leclerc", G1C 2C4, (581) 742-7001,,, info@lavigile.qc.ca,,0,0,0
" 3, rue Principale", G0T 1L0, (418) 439-3908,,, cotn01@hotmail.com,,0,0,0
" 1240, route Fossambault", G3A 1W8, (418) 878-2867,, (418) 878-3668, dg@residenceleportail.org, www.residenceleportail.org,0,0,0
" 25, rue Saint-Émile, app. 100", G0A 3K0, (418) 606-8606,,, direction@residenceletrefledor.com,,18,0,18
" 1199, 4e Avenue", G1J 3B4, (418) 648-1278,, (418) 648-6214, grt@actionhabitation.qc.ca,,19,33,52
" a/s de Action-Habitation , 1199, 4e Avenue", G1J 3B4,,,, martin.larue@actionhabitation.qc.ca,,14,0,14
" 10682, avenue Royale", G0A 3C0, (418) 998-1009,,, residencesab@videotron.ca,,13,0,13
" Bureau 109 , 105, rue de Courcelette", G1N 4S3, (418) 681-5917,, (418) 681-4367, direction@rbonaventure.com,,0,45,45
" a/s Action-Habitation de Québec , 1199, 4e Avenue", G1J 3B4, (418) 648-1278,, (418) 648-6214, daniel.stgermain@actionhabitation.qc.ca,,0,34,34
" a/s Action-Habitation de Québec , 1199, 4e Avenue", G1J 3B4, (418) 648-1278,, (418) 648-6214, veronique.auger@actionhabitation.qc.ca,,0,25,25
" 765, rue Kirouac", G1N 2J5, (418) 527-1616,, (418) 614-7972, manon.valliere@lesresidenceskirouac.ca,,10,24,34
" 95, rue de la Pointe-aux-Lièvres", G1K 5Y6, (418) 522-8899,,, impq@ipq.quebec,,204,0,204
" 195, rue le Courtois, bureau 115", G5A 3G2, (418) 665-6515,,, domainelaseigneurie2020@outlook.fr,,12,0,12
" a/s Action-Habitation de Québec , 1199, 4e Avenue", G1J 3B4, (418) 648-1278,, (418) 648-6214, grt@actionhabitation.qc.ca,,41,66,107
" 1199, 4e Avenue", G1J 3B4, (418) 683-2155,,, stephanie.lampron@ywcaquebec.qc.ca,,18,0,18
" 1199, 4e Avenue", G1J 3B4, (418) 663-5000,,, daniel.dorval@actionhabitation.qc.ca,,8,0,8
" 110, rue de Courcellette", G1N 4T4, (418) 691-6140,, (418) 691-6335, dg@omhq.qc.ca,,45,0,45
" 97, Notre -Dame-des-Anges", G1K 3E4,,,, direction@squatbv.com,,14,0,14
" 1199, 4e Avenue", G1J 3B4, (418) 648-1278,, (418) 648-6214, daniel.dorval@actionhabitation.qc.ca,,583,0,583
" a/s d'Action Habitation , 1199, 4e Avenue", G1J 3B4,,,, grt@actionhabitation.qc.ca,,34,0,34
" 1199, 4e Avenue", G1J 3B4,,,, daniel.stgermain@actionhabitation.qc.ca,,17,0,17
" 1430, chemin Royal", G0A 4E0,,,, daniel.stgermain@actionhabitation.qc.ca,,11,0,11
" 1199, 4e Avenue", G1J 3B4,,,, veronique.auger@actionhabitation.qc.ca,,0,0,0
" 1841, boulevard Pie-XI Nord", G3J 1N8, (418) 654-6915,,, michan01@bell.net,,29,0,29
" 1486, rue Brébeuf", G8Z 2A1, (819) 371-1023,, (819) 371-2047, secretariat@havre.qc.ca,,0,19,19
" 800, rue Niverville", G9A 2A8, (819) 379-7732,, (819) 376-6536, dany_toupin@ssss.gouv.qc.ca, www.centreinterval.qc.ca,82,0,82
" 1160, Terrasse Turcotte", G9A 5C6,,,, acces.aulogis@cgocable.ca,,51,0,51
" 113, 3e Rue, bureau 100", G9N 1H5, (819) 537-5955,, (819) 537-1914, omhshawinigan@megaquebec.net,,0,6,6
" 440, 200e Avenue", G9T 6N2, (819) 538-5112,,, michele@jaimonappart.ca,,12,0,12
" 1160, Terrasse Turcotte", G9A 5C6, (819) 374-2586,, (819) 374-8147, ghislain.aubin@hotmail.com,,31,12,43
" 20, rue Marcelle-Ferron, app. 1", J5V 0A1, (819) 228-3241,, (819) 228-8561, premier.envol@cgocable.ca,,8,0,8
" 547, rue Commerciale", G9X 3A7, (819) 676-3030,,, gestionltraversy@cgocable.ca,,31,0,31
" 121, rue Saint-Antoine", G9A 1J3, (819) 373-6534,,, rhcm@hotmail.ca,,12,0,12
" 1190, rue Notre-Dame", G9N 3S4, (819) 539-8874,, (819) 539-9171, directiongenerale@residencechrist-roi.ca,,47,0,47
" 1160, Terrasse Turcotte", G9A 5C6, (819) 374-2586,, (819) 374-8147, m.tessier@habitationspopulaires.ca,,0,36,36
" 897, rue Saint-Pierre", G9A 4W5, (819) 374-0825,, (819) 374-8147, info@residencelejardin.com,,23,0,23
" 80, 116e Rue", G9P 5K7, (819) 536-5333,,, villatournesol@cgocable.ca,,7,0,7
" 320, rue Cartier", J1X 1X6, (819) 847-1299,,, accueilnd@msn.com,,28,0,28
" 27, rue Neil-Armstrong", J0E 1X0,,,, georgejoanne0@gmail.com,,10,0,10
" 2975, rue Agnès", G6B 1K8,,,, hebergementrepit@hotmail.com,,4,0,4
" 3232, rue Delorme", J1K 2Z5, (819) 578-7600,,, airesherbrooke@gmail.com,,8,5,13
" 500, rue Murray, bureau 850", J1G 2K6, (819) 780-2220,, (819) 780-8985, sgagne.csss-iugs@ssss.gouv.qc.ca,,0,0,0
" 4982, rue Champlain, bureau 104", G6B 1X8, (819) 583-2370,, (819) 583-3109, direction@omhdugranit.ca,,7,9,16
" 19, chemin Colbycroft", J0B 3E2,,,, 19colbycroft@gmail.com,,5,0,5
" 450, 2e Avenue", J0B 3J0, (819) 349-5217,, (819) 877-3673, residenceweedon@hotmail.com,,7,0,7
" 305, rue Dufferin", J1H 4M5, (819) 565-1226,, (819) 565-5192, lacordee@lacordeerasm.org,,0,6,6
" 220, rue Craig Sud , Case postale 961", J0B 1M0,,,,,,3,0,3
" 525, rue Saint-Edouard, app 101", J2N 1G6, (450) 293-1631,, (450) 293-4429, info@entreechezsoi.org,,28,0,28
" 120, rue des Ruisselets , Bureau 100", J1A 3J3,,,,,,20,0,20
" 2475, rue Beaudry, bureau 100", J1J 1K9, (819) 345-5346,,, habitations.lequerre@videotron.ca,,40,0,40
" Bureau 100 , 247, rue Calixa-Lavallée", J1X 4X4, (819) 200-1254,,, 6745073@gmail.com,,0,27,27
" 70, rue des Quatre-Saisons", J1X 0H3,,,,,,20,0,20
" 977, rue Galt ouest, bureau 202", J1H 1Z6, (819) 562-8877,,, direction@handiapte.com,,25,0,25
" 465, rue MacDonald", J1X 1M2,,,, hmomlrc@hotmail.ca,,11,0,11
" 1896, rue Thomas-Evans , Bureau 113", J1E 0M9, (819) 542-1136,,,,,13,0,13
" 3649, rue du Président-Kennedy", G6B 3A1, (819) 583-2370,,, direction@omhdugranit.ca,,0,12,12
 Case postale 22001, J1E 4B4, (819) 569-3611,,, administration@escaleestrie.com,,0,9,9
" 107, chemin Ruiter-Brooks", J0E 1X0, (819) 292-3835,,, sunshinehousemansonville@gmail.com,,3,0,3
" 127, rue Principale, bureau 105", J2K 1J3, (450) 263-4123,, (450) 263-3489, geoff.webber@mnp.ca,,0,45,45
" 3195, rue College, bureau 100", J1M 0E7, (819) 481-1853,,, direction@monshack.ca,,18,0,18
" 22, rue William-Ives, bureau 100", J1E 2C2, (819) 566-7868,, (819) 569-1212, Marie-Claude.Begin@omhsherbrooke.qc.ca,,244,28,272
" 1461, 10e Rang Ouest", J2J 0P7,,,, gerard.gevry@gmail.com,,5,0,5
" 300, rue King Est, bureau 200", J1G 1B1, (819) 346-8411,, (819) 346-4580, suzanne.bernier.ciussse-chus@ssss.gouv.qc.ca,,4,0,4
" 1160, Terrasse Turcotte", G9A 5C6, (819) 374-2586,, (819) 374-8147, m.tessier@habitationspopulaires.ca,,0,60,60
" 739, rue Dufferin", J2H 2H5,,,,,,0,0,0
" 599, boulevard Simoneau", J1T 4G7,,,, rem@cgocable.ca,,11,0,11
" 216, rue Martin", J1X 3M7, (819) 868-1114,,, gestion@villapierrot.org,,21,0,21
" 33, rue Western", J0E 2K0, (450) 538-1291,,, villasdesmonts@axion.ca,,13,0,13
" 5940, boulevard Monk", H4E 3H4, (514) 362-7221,, (514) 362-7076, direction@achim.ca,,30,0,30
" 110, rue Saint-Catherine Est", H2X 1K7, (514) 507-7015,,, valerie.meplon@lesacados.org,,40,0,40
" 2310, boul. de Maisonneuve Est", H2K 2E7, (514) 527-6668,,, jdupuis@fohm.org,,40,0,40
" 2000, rue Notre-Dame Ouest", H3J 1M8,,, (514) 288-4657, direction@abri-espoir.org,,0,0,0
" Bureau 409 , 444, rue de la Poudrière", H4G 3L9, (438) 880-5200,, (514) 767-6843, ass.can.slave@gmail.com,,0,64,64
" 4373, ave de l'Esplanade", H2W 1T2, (514) 845-0151,,, comptabilite@lechainon.org,,49,0,49
" Bureau 101 , 2430, boul. Henri-Bourassa Est", H2B 1T7, (514) 381-8026,, (514) 388-3053, cd@associationiris.ca, www.association-iris.qc.ca,15,9,24
" 2021, rue Union, bureau 855", H3A 2S9, (514) 931-5757,,, associationbenevole@bellnet.ca,,42,0,42
" 4775, rue Curatteau", H1K 4A8, (514) 527-5720,,, gbeaudoin@fohm.org,,0,31,31
" 533, rue Ontario Est, bureau 450", H2L 1N8, (514) 526-5222,,, isabellem@danslarue.org, www.danslarue.org,16,0,16
" Appartement 1 , 10175, boulevard Saint-Laurent", H3L 2N5, (514) 844-2322,,, brindelles@videotron.ca,,57,0,57
" 300, place des Brises", H8S 4M2, (514) 637-1110,, (514) 637-0207, admin1@lesbrisesdelachine.org,,0,0,0
" Case postale 60017 , BP Villeray", H2R 0B5, (514) 274-9887,,, bcjgestion@gmail.com,,10,0,10
" 1611, avenue d'Orléans", H1W 3R4, (514) 523-9283,,, direction@carrefourfamilial.com,,5,0,5
" 1475, avenue Bennett", H1V 2S5, (514) 251-2081,, (514) 251-0577, capsaintbarnabe@videotron.ca,,29,0,29
" 709-A, rue Chatham", H3J 1Z3, (514) 934-1605,, (514) 934-5441, cegecom@cegecom.ca,,25,28,53
" 1300, boulevard Rosemont", H2G 1S1, (514) 908-5444,,, direction@carrefourrosemont.ca,,0,0,0
" Bureau 1 , 2338, rue Saint-Antoine Ouest", H3J 1A8, (514) 933-7351,,, rosemarys@centrestantoine.com,,0,23,23
" 5675, rue Lafond", H1X 2X6, (514) 722-1851,,, afavron@petitecote.org,,0,0,0
" 170, rue du Buisson", H8Y 2Z6, (514) 421-1586,,, c.richard@centredecriseoi.com,,0,0,0
" 2473, rue Saint-Patrick", H3K 1B3, (514) 476-7667,,, cmv@centremarcvanier.org,,0,13,13
" Bureau 250 , 1600, boul. Henri-Bourassa Ouest", H3M 3E2, (514) 334-3979,, (514) 376-2502, supplementloyer.crlb@ssss.gouv.qc.ca,,324,0,324
" Bureau 117 , 211, rue de la Gauchetière Ouest", H2Z 1C5, (514) 875-9862,,,,,19,0,19
" 1075, rue de Bullion", H2X 2Z2,,,, charles.wong@lawwong.ca,,52,0,52
" 1626, rue Saint-Hubert", H2L 3Z3, (514) 287-9511,, (514) 287-9766, ecaron@machambreinc.org,,74,32,106
" 1626, rue Saint-Hubert", H2L 3Z3, (514) 287-9511,,, administration@chambreclerc.org,,32,17,49
" 480, rue Saint-Antoine Est", H2Y 1A5, (514) 527-5720,, (514) 527-7388, info@fohm.org,,17,11,28
" 7171, chemin de la côte-St-Luc", H4V 0A5, (514) 483-8500,,, eileen@residencebnaibrith.com,,64,0,64
" 5295, ch. Côte-Sainte-Catherine", H3W 0A1, (514) 527-5720,,, avillanueva@fohm.org,,27,0,27
" 3825, boulevard Cavendish", H4B 2N4,,,, admin@chezsoindg.com,,0,0,0
" 6055, rue Beaubien Est , Case postale 332", H1M 3M5, (514) 255-0117,,, cheznousartistes@videotron.ca,,30,0,30
" 445, rue de Malines", H2L 1J3, (514) 287-1473,, (514) 287-3301, info@reseauhabitationfemmes.org,,0,6,6
" 5181, rue Saint-Ambroise", H4C 2E9,,,, citadelle55@hotmail.ca,,18,0,18
" 1945, rue Mullins, bureau 120", H3K 1N9, (438) 383-3711,,, citedesbatisseurs.adjointadmi@gmail.com,,93,0,93
" Case postale 21 , Succursale Rosemont", H1X 3B6,,,,,,1,0,1
" 2310, boul. de Maisonneuve Est", H2K 2E7, (514) 395-8636,, (514) 395-0726,,,17,0,17
" 3210, rue Rachel Est", H1W 1A4,,,, info@societelogique.org,,12,0,12
" Bureau 106 , 1225, avenue Sainte-Croix", H4L 3Z2, (514) 744-0591,, (514) 527-7388, dsc1@videotron.ca,,0,40,40
" Bureau 106 , 1225, avenue Sainte-Croix", H4L 3Z2, (514) 744-0591,, (514) 744-2653, dsc1@videotron.ca,,0,36,36
" Bureau 117 , 1165, avenue Sainte-Croix", H4L 3Z2, (514) 527-5720,, (514) 527-7388, dsc3@bellnet.ca,,28,0,28
" 1818, rue Gilford", H2H 1G5, (514) 521-8619,, (514) 521-6019, direction@diners-st-louis.org,,0,0,0
" 1151, rue Alexandre-DeSève", H2L 2T7,,,, info@enmarge1217.ca,,0,0,0
" 7701, Avenue Léonard de Vinci E , Suite 111", H2A 0A1, (514) 593-7444,,, direction@entraidesaintmichel.org,,24,0,24
" 1460, boulvard Crémazie Est", H2E 1A2, (514) 321-4984,,, ftremblay@espacelt.org,,174,0,174
" a/s de la FOHM , 2310, boul. de Maisonneuve Est", H2K 2E7, (514) 527-5720,, (514) 527-7388, elemire@fohm.org,,0,51,51
" 5112, rue Bellechasse", H1T 2A4, (514) 259-9470,,, info@aveugles.org,,30,0,30
" Bureau 400 , 6555, ch. de la Cote-des-Neiges", H3S 2A6, (514) 341-1057,,, lesfondationsduquartier@gmail.com,,40,0,40
" Bureau , 1010, rue Sainte-Élisabeth", H2X 3C1, (514) 954-1926,, (514) 954-6769, fccmtlca@gmail.com,,0,20,20
" Bureau , 1008, rue Sainte-Élisabeth", H2X 3C1, (514) 954-1926,, (514) 954-6769, fccmtlca@gmail.com,,0,21,21
" Bureau 102 , 2580, rue Saint-Jacques", H3J 2M8, (514) 934-1777,, (514) 934-4848, foyerhongrois@videotron.ca,,89,25,114
" 4160, rue Clark, bureau 100", H2W 1W9, (514) 982-6786,,, jteixeirafoyersantacruz@videotron.ca,,0,31,31
" 4660, rue Saint-Dominique", H2T 1T5, (514) 788-3199,, (514) 527-7388, gbeaudoin@fohm.org,,0,24,24
" 1310, rue Notre-Dame", H8S 2C8,,,, caroline.descary@grentraidelachine.ca,,24,0,24
" 1, carré Cummings", H3W 1M6, (438) 798-3195,,, rebecca.levy@kehillamontreal.org,,36,0,36
" 2310, boulevard Maisonneuve Est", H2K 2E7, (514) 973-1602,, (514) 387-9353, dvalade@fohm.org,,0,0,0
" 6555, chemin Côte-des-Neiges , Bureau 400", H3S 2A6, (514) 803-0235,,,,,38,0,38
" Bureau 410 , 6555, chemin Cote-des-Neiges", H3S 2A6, (514) 735-0117,, (514) 735-8939, general@hccdn.ca,,70,0,70
" Bureau 5 , 3990, rue Sherbrooke Est", H1X 2A8, (514) 522-3190,,, c.gray@shapem.org,,47,0,47
" Bureau 102 , 3601, boulevard Gaétan-Laberge", H4G 0A5, (438) 383-4193,,, direction@entre-deux-ages.org,,97,0,97
" 7040, rue Hutchison", H3N 1Y7, (514) 585-5031,,, HCHM7040@hotmail.com,,48,0,48
" Bureau 600 , 3950, rue de Bellechasse", H1X 1J5, (514) 374-9309,, (514) 374-0946, direction@hcloggia.org,,12,0,12
" 135, avenue Dorval", H9S 3G6, (514) 780-4400,, (514) 780-1362, mdb.dorval@gmail.com,,0,0,0
" 4827, avenue Papineau", H2H 1V7, (514) 658-8013,, (514) 303-4322, esawicka@fohm.org,,102,51,153
" 4201, boulevard Robert, bureau 4", H1Z 1Y9,,,, htsm.gestion@gmail.com,,27,0,27
" 4235, avenue Prince Of Whales", H4B 2K9,,,, habitation.tango@gmail.com,,11,0,11
" 3111, rue Sherbrooke", H8S 1K3, (514) 538-3316,,, habitationcommunautairelachine@hotmail.com,,73,0,73
" 445, rue Jean-Talon Ouest , Bureau 304", H3N 1R1, (514) 583-1378,, (438) 384-1445, info@hapopex.org, www.hapopex.com,240,0,240
" Bureau 10 , 10000, boulevard Saint-Laurent", H3L 2N7, (514) 381-6633,, (514) 527-7388, acielouvert@bellnet.ca,,0,24,24
" a/s de la SOCAM , 1945, rue Mullins, bureau 110", H3K 1N9, (514) 932-7742,, (514) 932-0148, l.banga@gestionsocam.org,,0,25,25
" a/s de la SOCAM , 1945, rue Mullins, bureau 110", H3K 1N9, (514) 932-7742,, (514) 932-0148, l.banga@gestionsocam.org,,0,47,47
" 3210, rue Rachel Est", H1W 1A4, (514) 522-8284,, (514) 522-1535, info@societelogique.org,,7,0,7
" Bureau 225 , 14115, rue Prince-Arthur", H1A 1A8, (514) 498-1677,, (514) 498-9697, infohcm@mainbourg.org,,117,0,117
" 865, place Richmond", H3J 1V8, (514) 937-0211,, (514) 935-6550, nriendeau@portage.ca,,9,0,9
" 865, place Richmond", H3J 1V8,,,,,,29,0,29
" a/s SOCAM , 2125, rue Saint-Patrick", H3K 0B9, (514) 932-7742,,, l.peloquin@gestionsocam.org,,13,0,13
" 2990, avenue de Granby, bureau 2", H1N 2Z4,,,, hsfibenoit@hotmail.com,,91,0,91
" 6101, boulevard Léger, bur. 102", H1G 1L2, (438) 393-3400,, (866) 540-0610, gestion@igc.expert,,0,12,12
" Bureau 5 , 3990, rue Sherbrooke Est", H1X 2A8, (514) 522-3190,,, c.gray@shapem.org,,0,0,0
" 5112, rue Bellechasse", H1T 2A4, (514) 259-9470,, (514) 254-5079, info@aveugles.org,,13,0,13
" Services administratifs , 1330, rue Prieur Est, bureau 100", H2C 1L1, (514) 389-7017,, (514) 389-6826, jdupuis@fohm.org,,38,0,38
" Bureau , 2265, rue Sainte-Catherine Est", H2K 2J3, (514) 596-1555,,, ecoledessages@videotron.ca,,0,27,27
" Bureau 100 , 12700, rue de Montigny", H1A 0A1, (514) 498-8000,,, lesdeuxages@videotron.ca,,72,0,72
" 6001, avenue Christophe-Colomb", H2S 2G3, (514) 273-2521,, (514) 273-4625, direction@habitations2volets.ca,,25,45,70
" 206-55, ave. du Mont-Royal Ouest", H2T 2S6, (514) 341-1057,,, comptabilite@lestrinitaires.ca,,75,0,75
" Bureau 5 , 3990, rue Sherbrooke Est", H1X 2A8, (514) 522-3190,, (514) 522-1535, c.gray@shapem.org,,73,40,113
" 1945, rue Mullins, bureau 120", H3K 1N9,,,, direction@loggiapelican.ca,,95,0,95
" Appartement 001 , 855, boulevard Georges-Vanier", H3J 2B5, (514) 947-8590,,, losorio@fohm.org,,0,11,11
" 405, rue Ogilvy", H3N 1M3,,,, cpepin@hpdg.ca,,16,0,16
" 3950, rue Beaubien Est", H1X 3M8, (514) 376-9141,, (514) 933-7802, hna@bellnet.ca,,44,43,87
" 2035, rue Centre, bureau 7", H3K 1J1, (514) 939-3781,,, habitationsoasis@videotron.ca,,0,16,16
" 5959, boulevard Monk", H4E 3H5, (514) 943-1837,,, joanne@paradoxe.ca,,10,0,10
" 1945, rue Mullins, bureau 110", H3K 1N9, (514) 932-7742,,, m.sauve@gestionsocam.org,,27,0,27
" Bureau 5 , 3990, rue Sherbrooke Est", H1X 2A8, (514) 522-3190,,, c.gray@shapem.org,,67,0,67
" 3210, rue Rachel Est", H1W 1A4, (514) 522-8284,, (514) 522-2659, pegendron-landry@societelogique.org,,0,44,44
" 12165, boulevard Rolland", H1G 5Y1,,,, info@camee.ca,,32,0,32
" 1510, rue Préfontaine, app. 12", H1W 2N5, (514) 419-6646,,, matildefraga@gifraga.com,,0,19,19
" 7004, rue Hutchison, app. 2", H3N 1Y6,,,, directionheberjeune@gmail.com,,0,0,0
 Case postale 46564, H9H 5G9, (514) 675-2331,, (514) 694-1867, liledesamis@gmail.com, http://racorsm.org,12,10,22
" 1945, rue Mullins, bureau 120", H3K 1N9, (514) 933-2755,,, f.khenfri@gestionsocam.org,,7,0,7
" 1503, rue La Fontaine", H2L 1T7,,,, debbie.fleurant@interloge.org,,171,0,171
" Bureau 001 , 16014, rue Eugénie-Tessier", H1A 5T7, (438) 381-4286,,, pmgl@bell.net,,30,0,30
" 5694, avenue Somerled", H3X 1Z5, (514) 586-6753,,, lcsg2160@gmail.com,,28,0,28
" 1635, boulevard Gouin Est", H2C 1C2, (514) 381-1841,,, ghyslaine.lalande@gmail.com,,20,0,20
" 5112, rue de Bellechasse", H1T 2A4,,,, marjorie@aveugles.org, http://www.fondationdesaveugles.org/,46,0,46
" a/s de la FOHM , 2310, boul. de Maisonneuve Est", H2K 2E7, (514) 527-5720,, (514) 527-7388, avillanueva@fohm.org,,13,47,60
" 1070, avenue Hôtel-de-Ville", H2X 3A6, (514) 879-1325,, (514) 879-8528, org000843@gmail.com,,0,18,18
" Appartement G-015 , 990, rue Saint-Urbain", H2Z 1K6, (514) 861-0303,, (514) 861-0303, houselam@live.ca,,0,0,0
" 540, 33e Avenue", H8T 1Y8, (514) 366-3323,,, logements.communautairesll@videotron.ca,,15,0,15
" 387, 40e Avenue", H8T 2E7, (514) 634-8944,, (514) 634-2033, info@avatil.org,,0,14,14
" Bureau 3 , 5730, boulevard Saint-Laurent", H2T 1S8, (514) 495-0975,,, loges.du.mile.end@gmail.com,,16,0,16
" 1945, rue Mullins, bureau 120", H3K 1N3, (514) 933-2755,,, cap@projetpal.com,,0,6,6
" 1945, rue Mullin, bureau 120", H3K 1N9, (418) 562-3377,,, ruth@logifem.org,,6,0,6
" 2310, boul. de Maisonneuve Est", H2K 2E7, (514) 947-8590,,, dvalade@fohm.org,,11,12,23
" 2288, rue Prince-Georges, app.1", H2K 1S9, (514) 532-3135,,, direction@logisphare.ca,,6,0,6
" 11855, rue Marie-Anne-Lavallée", H3M 3E9, (514) 334-8686,,, logisrap@gmail.com,,11,0,11
" 6555, chemin Côte-des-Neiges , Bureau 400", H3S 2A6, (514) 512-5370,,,,,0,0,0
" 4770, rue de Salaberry", H4J 1H6, (514) 385-3511,,, maisoncaci.acadie@caci-bc.org,,46,0,46
" 50, rue Bonneau, bureau 200", H2Y 3C9, (514) 845-3906,, (514) 845-7019, comptabilite@accueilbonneau.com,,31,0,31
" 3742, rue Saint-Hubert", H2L 4A2, (514) 844-4874,, (514) 842-2991, comptable@maisondherelle.org,,14,0,14
" 1620, avenue de la Salle", H1V 2J8, (514) 598-9999,,, g.neamtan-lapalme@shapem.org,,22,0,22
" 709-A, rue Chatham", H3J 1Z3, (514) 934-1605,,, cooperatives@cegecom.ca,,0,18,18
" Bureau 200 , 2200, boulevard Crémazie Est", H2E 2Z8, (514) 606-6635,,, maisondessourdsdg@gmail.com,,48,0,48
" 550, boulevard René-Lévesque Est", H2L 2L3,,,, simon.briere@maisondupere.org,,109,0,109
" 4430, rue Saint-Jacques Ouest", H4C 1K2, (514) 932-4857,, (514) 932-8573, mja@maisonjeunaide.com,,0,32,32
" a/s d'Accueil Bonneau , 427, rue de la Commune Est", H2Y 1J4, (514) 845-3906,, (514) 845-7019, comptabilite@accueilbonneau.com,,46,0,46
" 4850, rue Jolicoeur, app. 2", H9H 5H1,,,, maison.accolade@hotmail.com,,0,23,23
" 8777, rue Hochelaga", H1L 2N1, (514) 355-4223,, (514) 355-7352, info@maisonechelon.ca,,23,0,23
" 10375, rue Papineau", H2B 2A3, (514) 382-2760,,, adm.leclaircie@videotron.ca,,28,0,28
" 2590, avenue Letourneux", H1V 2P4, (514) 255-7727,, (514) 255-7728, hpaille@maison-exode.org,,24,0,24
" 6899, rue Papineau, bureau 129", H2G 2X6, (514) 507-8312,, (514) 276-6299, maisonleparcours@videotron.ca,,27,9,36
" 20, rue Guilbault Est", H2X 1A1, (514) 845-7793,,, msd@maisonstdominique.org,,62,0,62
" 2500, rue Sainte-Catherine Est", H2K 2K2, (514) 527-9233,,, comptabilite@aecmtl.org,,6,0,6
" 3970, boul. Cavendish, bureau 1", H4B 2N3, (514) 369-0757,, (514) 369-2954, director@o3onourown.com,,20,0,20
" 2250, rue Florian", H2K 2P5, (514) 528-9000,,, administration@metadame.org,,35,0,35
" 606, rue de Courcelle", H4C 3L5, (515) 523-5288,,, mlamberti@missionba.com,,73,0,73
" 902, boulevard Saint-Laurent", H2Z 1J2, (514) 866-6591,,,,,53,0,53
" Bureau 400 , 6555, rue Cote-des-Neige", H3S 2A6, (514) 832-0505,,, obnlmtmc@gmail.com,,11,0,11
" 5995, rue Hochelaga", H1N 1X3,,,, j.veilleux@centrenaha.org,,20,0,20
" 1945, rue Mullins, bureau 120", H3K 1N9,,,, f.khenfri@gestionsocam.org,,21,0,21
" 1945, rue Mullins, bureau 120", H3K 1N9,,,, f.khenfri@gestionsocam.org,,25,0,25
" 2125, rue Saint Patrick", H3K 0B9,,,, m.sauve@gestionsocam.org,,50,0,50
" 2125, rue saint Patrick", H3K 0B9,,,, m.sauve@gestionsocam.org,,65,0,65
" Bureau 110 , 1945, rue Mullins Sud", H3K 1N9,,,, m.sauve@gestionsocam.org,,16,0,16
" a/s de la SOCAM , 2125, rue Saint-Patrick", H3K 0B9, (514) 932-7742,, (514) 932-0148, jj.kasembe@gestionsocam.org,,0,12,12
" 1575, boul. René-Lévesque Est , Case postale 284", H2L 4L2, (514) 526-1699,,, direction@pasdelarue.org,,47,0,47
" Case postale 65005 , Succursale Charlevoix", H3Z 3G3, (514) 939-0512,,, coordination@passerelle2e.ca,,5,0,5
" 2125, rue Saint-Patrick", H3K 0B9, (999) 999-9999,,,,,0,0,0
" a/s de la FOHM , 2310, boul. de Maisonneuve Est", H2K 2E7, (514) 527-5720,, (514) 527-7388, info@fohm.org,,0,22,22
" Bureau 400 , 6555, ch. de la Cote-des-Neiges", H3S 2A6, (514) 341-1057,,, podimtl@gmail.com,,45,0,45
" 5847, rue Hamilton", H4E 3B9, (514) 362-7221,, (514) 362-7076, comptabilite@achim.ca,,0,28,28
" 169, rue de la Gauchetière Est", H2X 1P7, (514) 879-3310,,, heather.johnston@paqc.org,,16,0,16
" 530, chemin de la Rive", G0X 1N0, (819) 375-1000,,,,,11,0,11
" a/s de la SOCAM , 1945, rue Mullins, bureau 110", H3K 1N9, (514) 932-7742,, (514) 932-0148, l.banga@gestionsocam.org,,0,58,58
" 2075, rue Théodore", H1V 3C1, (514) 251-2525,, (514) 251-8816, info@rsipropulsion.ca,,0,15,15
" 9335, boulevard Pie IX, app. 9", H1Z 3W5,,,, relaisdesjeunesfamilles@hotmail.com,,53,0,53
" 1064, avenue de l'Hôtel-de-Ville , Bureau 1", H2X 3A6, (514) 253-9529,,, esawicka@fohm.org,,70,18,88
" 1200, boulevard Alexis-Nihon", H4R 3C9, (514) 526-1916,,, dg@residencealexisnihon.org,,0,0,0
" Bureau administratif , 56, rue Sherbrooke Est", H2X 1C3, (514) 282-9860,,, matildefraga@gifraga.com,,9,0,9
" 12694, boulevard Gouin Ouest", H8Z 1W4, (514) 421-2212,,, cdubois@centrebienvenue.org, www.centrebienvenue.org,17,0,17
" Appartement G-015 , 990, rue Saint-Urbain", H2Z 1K6,,,,,,9,0,9
" 5112, rue Bellechasse", H1T 2A4, (514) 259-9470,, (514) 254-5079, marjorie@aveugles.org,,0,17,17
" 5100, rue des Maçons, bureau 100", H8Z 2X8, (514) 620-9695,,, res.n.mcalister@videotron.ca,,0,34,34
" Bureau 17 , 3950, boulevard Cavendish", H4B 2N3, (514) 871-8213,, (514) 527-7388, projet.chance.montreal@gmail.com,,0,23,23
" 3950, boulevard Cavendish , Bureau 17", H4B 2H3, (514) 527-5720,, (514) 527-7388, projet.chance.montreal@gmail.com,,0,0,0
" 6300, 8e Avenue", H1Y 3E6,,,, ukres@videotron.ca,,0,0,0
" 94, 10e Avenue, appartement 105", H8S 3E1, (514) 527-5720,,, jdupuis@fohm.org,,8,0,8
" 8000, chemin de la Côte-St-Luc", H4W 1R6, (514) 223-2023,,, eileen@residencebnaibrith.com,,33,0,33
" Services administratifs , 5750, avenue Lemieux, bureau 116", H3W 3G1, (514) 737-7774,, (514) 737-6365,,,104,0,104
" 8756, rue Ernest-Savignac", H2M 2M3,,,, daniel_lecuyer@hotmail.com,,32,0,32
" Bureau 100 , 10460, place de l'Acadie", H3M 2X6,,,, rho@videotron.ca,,73,0,73
" 9870, rue Laverdure, bureau 100", H3L 0A7, (514) 528-8833,,, directiongenerale@revanous.org,,52,0,52
" 1050, rue Jeanne-Mance", H2Z 1L7, (514) 284-9665,,, nouellet@laruedesfemmes.org,,0,0,0
" 2485, rue Saint-Patrick , 1650, rue Saint-Timothée", H3K 3H7,,,,,,20,0,20
 3702 rue Sainte-Famille, H2X 2L4,,,,,,12,0,12
" 1945, rue Mullins, bureau 120", H3K 1N9,,,,,,0,0,0
" 3210, rue Rachel Est", H1W 1A4,,,, info@societelogique.org,,6,0,6
" 2310, boul. de Maisonneuve Est", H2K 2E7, (514) 947-8513,, (514) 852-0723, gbeaudoin@fohm.org,,0,16,16
" 11100, rue Notre-Dame Est", H1B 5V2,,,, mhadjadji@gerersonquartier.com,,18,0,18
" 8000, rue Notre-Dame", H8R 1H2, (514) 815-1488,,, societeresidentielleeim@gmail.com,,0,6,6
" 4075, rue de Verdun, bureau 100", H4G 2N3, (514) 508-1873,, (514) 508-1874, sltdepal@gmail.com,,25,0,25
" 6910, rue Saint-Denis , Case postale 65034", H2S 2S0,,,, utpt500@gmail.com,,26,0,26
" 9250, boulevard Hochelaga", H1L 2P4, (514) 493-9250,,, toitsdemercier@outlook.com,,62,0,62
" 1290, rue de la Visitation", H2L 3B4,,,, cdomingues@fohm.org,,56,0,56
" 2310, boul. de Maisonneuve Est", H2K 2E7, (514) 364-5409,, (514) 527-7388, losorio@fohm.org,,0,14,14
" 5350, rue Rivard, bureau 206", H2J 0B3, (514) 270-8488,,, info@utopiecreatrice.org,,7,0,7
" 1273, rue Saint-André", H2L 3T1,,,, salina.ferrari@dianova.ca,,55,0,55
" 25, avenue Fieldfare", H9W 4W4, (514) 697-0123,,, bureau@villabeaurepaire.com,,33,0,33
" 4655, rue Euclide-Brien, app. 1", H1X 3K4, (514) 371-6422,,, ecaron@machambreinc.org,,0,29,29
" Local 100 , 12430, avenue de la Miséricorde", H4J 2G2, (514) 331-3840,, (514) 335-3917, villaraimbault@videotron.ca,,43,0,43
" 6400, 8e Avenue", H1Y 3H4, (514) 374-6400,, (514) 374-7299, ukvilla@qc.aibn.com,,0,56,56
" 19, rue Hanson", J8Y 3M4, (819) 770-2000,, (819) 770-3907, info@larche-outaouais.ca,,5,8,13
" 115, boul. Sacré-Coeur , bureau 206", J8X 1C5,,,,,,18,0,18
" 196, rue Notre-Dame", J8P 0E6, (819) 663-3305,, (819) 669-9465, lnguyen@campus3.ca, www.campus3.ca,100,0,100
" 1232, boul. Saint-René Ouest", J8T 6H3, (819) 568-4555,,, dg@inter-section.ca,,67,0,67
" 124, rue Lois, bureau 204", J8Y 3R7, (819) 770-1022,, (819) 770-1023, crr_ressourse@ssss.gouv.qc.ca,,0,0,0
 Case postale 482, J9H 5E7,,,, kogaluk@outlook.com,,11,0,11
" 275, rue Principale", J0V 1S0,,,, dg.plaisance@mrcpapineau.com,,0,0,0
" 231A, rue Main", J8P 5J7, (819) 893-1771,, (819) 893-1775, jllfio@videotron.ca,,27,14,41
" 85, rue Morin", J8X 0A1, (819) 776-5953,,, administration@legiteami.org,,0,0,0
" Bureau 100 , 782, boulevard Saint-René Ouest", J8T 0H1, (819) 893-6590,,, dg@habitationsrivieresoutaouais.com,,163,0,163
" 649, boulevard de la Gappe", J8T 8G1, (819) 568-3911,,, gagnon.d@ohoutaouais.ca, www.ohoutaouais.ca,322,0,322
" 568, rue Foran", J9H 5M2, (819) 661-6689,,, sylvain.quinn@csspo.gouv.qc.ca,,0,24,24
" 544, rue des Peupliers", J0V 1N0, (819) 712-1368,,, leshabitationsnamur@outlook.com,,0,9,9
" Bureau 100 , 808, boulevard Maloney Est", J8P 0J8, (819) 772-1390,,, eric@moncheznousinc.ca,,17,0,17
" 209, rue Principale Sud", J9E 2A3, (819) 449-4545,,, info@haltefemmehautegatineau.ca,,0,0,0
" 132, rue MacLaren Est", J8L 1K1, (819) 281-0680,,, adjointe@boulev-art.ca,,6,0,6
" Bureau 100 , 10, rue du Curé-André-Préseault", J8T 6N8, (819) 246-6644,,, logemenoccupe@bellnet.ca,,17,0,17
" Services administratifs , 49, rue Mutchmore, bureau 326", J8Y 3T5, (819) 776-2160,,, log.out@videotron.ca,,71,0,71
" Case postale 2993 , Succursale Buckingham", J8L 2X5, (819) 986-2525,,, direction@maisondeuxvallees.com,,0,0,0
" 260, rue Saint-Rédempteur , Bureau 100", J8X 2T1, (819) 743-1508,,, mimosa@sc-inf-mte.com,,21,0,21
" 808, boulevard Maloney Est", J8P 0J8, (819) 669-6032,,, eric@moncheznousinc.ca,,114,0,114
" 95, rue Lois", J8Y 3R5, (819) 778-1325,,, oeuvres_isidore_ostiguy@hotmail.com,,20,0,20
" 125, rue Berri", J8Y 4H9, (819) 661-6689,,, pavillonlarocque@outlook.com,,0,30,30
" 52, rue Élisabeth-Chauvin", J8L 0W7, (819) 281-6660,,, direction@rbavl.onmicrosoft.com,,35,0,35
" 14, rue Ludger-Pilon", J0V 1P0, (819) 712-1368,,, residenceleportebonheur@outlook.com,,0,9,9
" 111, rue Notre-Dame", J0X 1M0,,,,,,6,0,6
" 29, rue Principale , Case postale 10", J0X 2C0, (819) 449-4339,,, direction@omhmg.com,,0,9,9
" 297, boulevard des Allumettières", J8X 2S7, (819) 778-0173,,, comptabilite@soupepopulairedehull.org,,24,0,24
" 100 A, chemin du Pont", J8N 0L1, (819) 457-2121,,, villa.st.louis.de.france.vdm@gmail.com,,13,0,13
" 2, rue Joseph-Gagné", J0Y 2M0, (819) 737-8952,,, ilotdor@hotmail.com,,5,0,5
" 70, rue Gamble Ouest", J9X 2R4, (819) 797-5141,, (819) 797-0012, direction@le-pont.ca,,0,8,8
" 42, rue Principale Nord , Case postale 33", J9T 3A5, (819) 732-1265,,, archeamos@cableamos.com,,6,0,6
" 6916, boul. Témiscamingue", J9Y 0K8, (819) 797-2900,,, labastidedesaines@hotmail.com,,7,0,7
" 100, chemin Docteur-Lemay", J9X 5T2, (819) 762-6592,,, claudie.cote-canuel@ssss.gouv.qc.ca,,23,0,23
" 121, rue Principale Sud", J9T 3A5,,,, adjointe_adm@crcatnq.org,,0,0,0
" 35, 3e Avenue Est", J9Z 1H5, (819) 333-5136,, (819) 333-4116, Corpo.ombrelle@outlook.com,,0,8,8
" 28, 2e Rue , Case postale 369", J0Z 1G0, (819) 726-4121,, (819) 726-2121, dg@bearn.ca,,6,0,6
" 15, rue Ontario , Case postale 215", J0Z 3B0, (819) 723-2528,,, pavillon.nord@gmail.com,,0,12,12
" 209, 4e Avenue , Case postale 63", J0Z 1L0, (819) 722-2222,, (819) 722-2130, pavillonbelleterre.est@outlook.com,,0,10,10
" 204, rue Principale , Case postale 238", J0Z 1M0, (819) 787-2035,,,,,0,0,0
" 1300, chemin Sullivan", J9P 1L8, (819) 824-3472,,, mbreton@grtatu.org,,27,0,27
" 2, rue Lafrenière Nord , C.P. 184", J0Z 2P0, (819) 765-5261,,,,,4,0,4
" 1080, rue Royale , C.P. 4015", J0Y 1Z0, (819) 757-6032,,,,,0,0,0
" 815, rue Vanasse", J9X 3V4, (514) 846-0163,,, info@colocq.org,,5,0,5
" 37, 7e Avenue", J0Z 3A0,,,, maisonnee@tlb.sympatico.ca,,0,0,0
" 1271, avenue des Bois", J0Y 1Z0, (819) 757-3228,,, plepine@grtatu.org,,19,0,19
" 380, avenue Richard, bur. 100", J9X 4L3, (819) 762-7217,, (819) 762-8403, info@lesintrepides.ca,,21,0,21
" 45, rue Principale", J0Z 2Z0, (819) 629-5962,,, logelec2020@outlook.com,,0,5,5
" 1431, rue Fullum, bureau 102", H2K 0B5, (514) 846-0163,,, info@colocq.org,,19,0,19
" 476, 7e Avenue", J9P 6A7, (819) 874-0001,, (819) 825-8061, logementpopulairevd@outlook.com,,0,18,18
" 1431, rue Fullum, bureau 102", H2K 0B5, (514) 846-0163,, (819) 762-4996, info@colocq.org,,0,6,6
" 1045, rue Perreault Est", J9X 5H5, (819) 762-7273,, (819) 762-7211, direction@maisondelenvol.ca,,0,0,0
" 221, rue Principale , Case postale 21", J9Z 2X4,,,, legiron2018@hotmail.com,,12,0,12
" 1179, 3e Rue", J9P 4B2, (819) 825-9222,,, dg@hotmail.com,,0,0,0
 Case Postale 3098, J0Y 1Z0, (819) 757-6072,,, liettegagnon@hotmail.com,,4,0,4
" 10, rue Humphrey", J0Z 3R0, (819) 627-3273,, (819) 627-3019, restem99@cablevision.qc.ca,,9,0,9
" 96, rue Sainte-Anne", J9V 2B7, (819) 629-3015,,, tcpat.org@hotmail.fr,,0,0,0
" 835, boulevard Joliet", G5C 1P5, (418) 589-9845,, (418) 589-8574, 09.corelo@ssss.gouv.qc.ca,,0,8,8
" 74, place Mingan", G4R 5B1,,,, nguerault@omhsi.ca,,48,0,48
" 896, rue Leventoux", G5C 1K1, (418) 589-6877,, (418) 589-5331, gestion@citedesbatisseurs.ca,,0,8,8
" 896, rue Leventoux", G5C 1K1, (418) 589-2211,, (418) 589-4384, gestion@citedesbatisseurs.ca,,0,4,4
 Case postale 2144, G0G 1J0, (819) 806-7127,,, habitatfermont@gmail.com,,0,12,12
" 409, avenue de Quen", G4R 2R1, (418) 962-6006,, (418) 962-6016, atre@cgocable.ca,,0,5,5
" 896, rue Leventoux", G5C 1K1, (418) 589-6877,, (418) 589-5331, gestion@citedesbatisseurs.ca,,19,0,19
" 896, rue Leventoux", G5C 1K1,,,, gestion@citedesbatisseurs.ca,,12,0,12
" 156, chemin d'en Haut", G0G 2E0, (418) 726-3311,,, josettedelphin@me.com,,2,0,2
" 22, rue Boily", G0T 1K0, (418) 233-3608,,, logisescouminois@hotmail.com,,4,0,4
" 77, avenue Mance", G4Z 1N1, (418) 296-4100,, (418) 296-5831, info@maisonanitalebel.ca,,5,0,5
" 30, route Mécatina", G0G 1T0,,,, maisonmecatina@outlook.com,,0,0,0
" 11, rue de la Rivière", G0G 1A0, (418) 533-2056,,, oasis@cablockna.ca,,7,0,7
" 55, rue Lévesque", G0T 1Y0, (418) 236-9227,, (418) 236-1289, plmayrand@videotron.ca,,0,13,13
" 56, rue Jourdain", G0T 1Y0, (581) 234-9382,,, omhsc@videotron.ca,,8,0,8
" 523, route 138, bureau 200", G0H 1S0, (418) 567-2345,, (418) 567-2344, sbeaudin@municipalite.ragueneau.qc.ca,,0,6,6
" 896, rue Leventoux", G5C 1K1,,,, villadesretraites@hotmail.com,,15,0,15
" 4, 10e Rue , Case postale 9", G0T 1E0, (418) 587-6858,, (418) 587-6212, cathy.fortin99@outlook.com,,3,8,11
" 101, avenue du Parc", G8P 3A5, (418) 748-4411,, (418) 748-4462, jardindesaines@tlb.sympatico.ca,,0,12,12
" 51, rue des Trembles , Case postale 1420", J0Y 1X0, (819) 755-8897,,, etoilefilantelsq@outlook.com,,0,0,0
" 24, rue Nottaway , C.P. 1090", J0Y 2A0, (819) 739-8887,,, info.fondationsoleildunord@gmail.com,,3,0,3
" 125, avenue de Louisbourg", G0C 1E0, (418) 534-0024,,, appartementslouisbourg@globetrotter.net,,16,0,16
" 196, boulevard Perron Ouest", G0C 2B0, (418) 364-3333,,, direction@ohbdc.ca,,0,21,21
" 168, route Saint-François", G0C 2H0, (581) 360-1236,,, melanie.dufresne@grlcgim.com,,12,0,12
" 640, avenue des Pionnières , Case postale 910", G0E 1W0, (418) 784-2966,,, aventuremurdochville@hotmail.ca,,7,0,7
" 7, rue du Ruisselet", G0J 1V0, (418) 865-2562,,, batisseurs2010@globetrotter.net,,8,0,8
" 66, rue Alexander , Case postale 9", G0C 1L0, (418) 788-2406,,, adjointe@centreaccalmie.org,,0,0,0
" 307, rue Monseigneur-Ross Est , Case postale 726", G0C 1K0, (418) 689-6100,, (418) 689-4777, sgiroux@cegamelinchandler.com,,11,6,17
" 526, 1re Avenue Ouest", G4V 1H4, (418) 763-5001,,, jj.elie@convergence-gaspesie.org,,0,0,0
" 54, 3e Avenue Ouest", G4V 1J6, (418) 786-2297,, (418) 763-7287, omhcapchat@cgocable.ca,,0,9,9
" 46, rue Notre-Dame", G0C 1Z0, (418) 752-2228,, (418) 752-2614, residence.gilker@globetrotter.net,,8,0,8
" 129-A, boulevard Perron Ouest", G0C 2B0, (418) 392-5019,, (418) 392-4141, direction@bdc.ca,,14,0,14
" 230, rue Wayman , Case postale 100", G4X 0G1, (418) 368-1655,,, mdumaresq@crrigaspe.com,,25,0,25
" 205, 7e Rue Ouest", G4V 2L6,,,, direction@gaspdesmonts.org,,0,0,0
" 269, Route 132 Est", G0C 1P0, (418) 396-3342,,,,,0,0,0
" 107, avenue du Plateau", G0C 1K0,,,,,,6,0,6
" 10, rue Charles Morin , Case postale 415", G0C 1L0, (418) 788-2919,, (418) 788-2916, habpalc@hotmail.com,,0,6,6
 Casier postal 391, G5R 3Y9,,,, gervais_darisse@hotmail.com,,0,18,18
" 218, rue des Ursulines", G4X 1J6, (418) 368-6644,, (418) 368-4969, direction@ohgaspe.ca,,0,6,6
" 1123, route 199", G4T 5B3, (418) 969-2955,,, nouveauxhorizons@live.ca,,13,0,13
" 105, rue des Vétérans", G0C 2B0,,,, sandra@grlcgim.com,,6,0,6
" Bureau 22 , 164, chemin Valentin-Cummings", G4T 2E4, (418) 986-4045,,, logisbelage11@hotmail.com,,11,0,11
" 42, route de la Rivière , Case postale 309", G0E 1K0, (418) 393-2713,, (418) 393-2828, maisondesaines@globetrotter.net,,13,0,13
" 81, 1re Avenue Est", G0E 1T0, (418) 797-2003,,, residencemeretmontagne@hotmail.ca,,5,0,5
 Case postale 2248, G0C 1Y0, (418) 759-3411,, (418) 759-3436, info@maisonlemergence.com,,5,0,5
" 303-A, route 132 Ouest", G0C 2Z0, (418) 364-3131,,, info@lamaisonmaguire.com,,0,0,0
" 137, avenue de Louisbourg , Case postale 517", G0C 1E0, (418) 534-2010,,, mmp.coord@hotmail.com,,0,8,8
" Bureau 102 , 280, chemin du Bassin", G4T 0B5, (418) 937-2130,,, gestioncoopoasis@gmail.com,,4,7,11
" 44, rue Chaleur , Case postale 69", G0C 1L0, (418) 788-5654,, (418) 788-5688, pavhel@globetrotter.net,,0,6,6
" 1268, boulevard Cap-des-Rosiers", G4X 6H1, (418) 892-5261,, (418) 368-9536, goconnor@globetrotter.net,,0,10,10
 460 chemin Principal, G4T 1A1,,,,,,0,0,0
" 187, rue Principale , Case postale 130", G0J 2E0, (418) 299-2723,,, villadesplateaux@hotmail.com,,0,13,13
" 881, avenue Taniata", G6Z 2E3, (418) 834-3603,,, administration@ladoberge.ca,,0,0,0
" 1659, boul. Guillaume-Couture", G6W 0L3, (418) 834-9808,,, info@alliancejeunesse.com,,24,0,24
" 25, avenue Sainte-Marie", G5V 2R5, (418) 248-3055,, (418) 248-0170, contact@arcencielrpph.com,,2,0,2
" 1375, rue Principale", G0R 3N0, (418) 642-5785,, (418) 642-5799, archeleprintemps@globetrotter.net,,11,0,11
" 8069, boul. Centre-Hospitalier", G6X 1L3, (418) 832-7422,,, administration@aphlevis.ca,,0,0,0
" 12165, 2e Avenue", G5Y 1X6, (418) 227-4181,, (418) 227-2752, cathy.fecteau@aubercail.net,,0,0,0
" 1390, rue Setlakwe", G6G 7Z3,,,, aubepaix@hotmail.com,,0,0,0
" 302, rue Saint-Joseph", G6V 1G2,,,, info@capjlevis.com,,10,0,10
" 888, rue Saint-Antoine, app. 1", G0N 1E0, (418) 449-5155,,, cerd@cerd.ca,,14,0,14
" 6337, rang 6", G0Y 1B0, (418) 458-2356,, (418) 458-2938, chgmb@sympatico.ca,,0,10,10
" 565, rue Saint-Joseph", G6V 1G8,,,, ccantin@grtnouvelhabitat.com,,28,0,28
" 5700, rue Saint-Louis", G6V 4E5, (415) 833-6652,,, jbeaumont@grtnouvelhabitat.com,,20,0,20
" 957, rue de l'Église", G0S 2C0,,,, corpostantoine@videotron.ca,,9,0,9
" 102, rue Saint-Pierre", G0R 4L0, (418) 642-5231,,, residencestandon@gmail.com,,10,0,10
" 52, rue de l'Église", G0S 2E0, (418) 881-4433,,, corporationdesaines@videotron.ca,,21,0,21
" 679, rue des Loisirs", G0S 1M0, (418) 728-3662,,, gestionmf0054@hotmail.com,,6,0,6
" 5700, rue Saint-Louis", G6V 4E5, (418) 833-6652,,, jbeaumont@grtnouvelhabitat.com,,13,0,13
" 116, rue Saint-Thomas", G5V 1M2, (418) 248-1215,, (418) 248-1216, chlittoral@globetrotter.net,,42,6,48
" 1176, rue Principale", G0S 1Z0, (418) 888-5518,,, manoirbonsejour@videotron.ca,,8,0,8
" 541, 80e Rue", G5Y 0M5, (418) 957-3438,,, nancy.logetoit@outlook.com,,16,0,16
" 18480, boulevard Lacroix", G5Y 5B8,,,, croiseedeschemins@cgocable.ca,,0,0,0
" 499, rue Principale", G0M 1V0, (418) 485-6813,,, lesdefissthonore@gmail.com,,4,0,4
" 9248, boul. Centre-hospitalier", G6X 3M5, (418) 832-9992,,, dg@demeurecdm.com,,47,0,47
" 1201, rue Charles-Rodrigue", G6W 0N1, (418) 833-6652,,, zbelhadji@grtnouvelhabitat.com,,18,0,18
" 100-125, 10e Rue Sud", G6G 7X6, (418) 332-7170,,, fondationrenaissancepresidence@gmail.com,,12,0,12
" 115, rue des Merles", G0S 2S0, (418) 882-0211,, (418) 882-3664, info@gitesaintisidore.com,,8,0,8
" 84, boulevard Bégin, app. 12", G0R 2V0, (418) 883-1300,,, clair.soleil@videotron.ca,,11,0,11
" 379, 14e Rue", G0R 3Y0,,,, habitationsdubuton@hotmail.com,,7,0,7
" 534, chemin Saint-François Ouest", G0R 3A0, (418) 259-7805,,, Habitations.Patrimoniales@outlook.com,,3,0,3
" 7516, rue Marie-Vicrorin , Case postale 61", G0S 1S0,,,, habitations-ltb_tresorerie@outlook.com,,8,0,8
" 83 ,avenue de la Fabrique #80", G5V 2J3, (418) 248-9141,,, yves.fournier@orhmontmagny.ca,,0,6,6
" 880, avenue Clairval", G0S 2V0, (418) 369-2075,,, pboilard77@gmail.com,,0,6,6
" 5, rue du Collège", G0R 2B0,,,, filfleuve@globetrotter.net,,12,0,12
" 5700, rue St-Louis", G6V 4E5,,, (418) 833-2466, oloyer@grtnouvelhabitat.com,,8,0,8
" 29, rue Principale Est", G0R 2J0, (418) 249-4066,,, leshabitationspanet@outlook.com,,6,0,6
" 34, rue de l'École", G0R 2Y0, (418) 789-2837,,, jeanlthi@globetrotter.net,,10,0,10
" 118, rue Saint-Thomas", G5V 1M2, (418) 248-7141,, (418) 248-0332, lcsinc@globetrotter.net,,0,8,8
" 88, rue du Foyer Nord", G0R 3X0, (418) 356-2504,,, habitationsstpamphile@globetrotter.net,,5,0,5
" 219, avenue Proulx", G0N 1B0, (418) 423-5662,,, francesca25@sympatico.ca,,4,0,4
" 27, rue Notre-Dame Ouest", G6G 1J1, (418) 338-9292,, (418) 338-2797,,,0,0,0
" 597, avenue des Érables", G0S 2J1, (418) 387-4924,,, simhoff@grtnouvelhabitat.com,,8,0,8
" 118, rue Saint-Thomas", G5V 1M2, (418) 248-7141,, (418) 248-0332, lcsinc@globetrotter.net,,11,0,11
" 2025, 29e rue", G0M 1Y0, (418) 594-8135,,,,,0,0,0
" 200, rue Notre-Dame Ouest", G6G 1J6, (418) 338-2024,, (418) 755-0109, rea.appalaches@gmail.com,,9,0,9
" 9, rue des Loisirs", G0R 3R0, (418) 356-2556,, (418) 356-5900, joanne.bernier@telus.net,,0,5,5
" 5700, rue Saint-Louis", G6V 4E5,,,, reception@grtnouvelhabitat.com,,14,0,14
" 65, route Saint-Gérard", G0R 2Y0, (418) 789-3147,,, Oasis_Nathalie@outlook.com,,15,0,15
" 2223, rue du Rail", G6X 3L7, (418) 832-2111,, (418) 832-2810, pdomch@videotron.ca,,9,35,44
" 1297, rue des Érables", G0S 2W0, (418) 833-6652,,, petitdomicilesl@videotron.ca,,0,16,16
" Bureau 13 , 201, rue Claude-Bilodeau", G0R 1S0, (418) 625-2599,, (418) 625-2534, rececoet@hotmail.com,,0,0,0
" Bureau 13 , 524, route du Sanctuaire", G0R 1S0,,,, letremplin@sogetel.net,,20,0,20
" 309, rue de la Salle", G0N 1X0, (418) 426-3939,,, residencestefamille@live.ca,,9,0,9
" 6109, avenue des Belles-Amours", G6X 1P8, (418) 832-7779,, (418) 832-0163, residence2000@bell.net,,0,12,12
" a/s de l'OMH de Thetford Mines , 615, rue Monfette Est", G6G 7H4, (418) 338-3556,, (418) 338-6304, residencearcenciel@cgocable.ca,,9,14,23
" 430, rue Principale", G0R 3Z0, (418) 359-3868,,, abridesappalaches@globetrotter.net,,11,0,11
" 91, rue du Manoir Est", G0R 1H0, (418) 246-5848,,, residencemarcellemallet@globetrotter.net,,11,0,11
" 4625, rue Gosford Ouest", G0S 2A0, (418) 599-2086,,, fatima@coopsteagathe.com,,9,0,9
" 18, rue de St-Etienne-de-Lauzon", G6J 1V1, (418) 836-3609,,, residencesaintetienne@videotron.ca,,18,0,18
" 20, avenue Saint-Charles", G0R 2T0, (418) 887-6455,, (418) 887-1316, direction@charlescouillard.ca,,0,0,0
" 30, route 281 Sud", G0R 1A0, (418) 466-2435,,, reslpcote@hotmail.com,,0,0,0
" 206, avenue Nadeau", G0R 1S0, (418) 636-2896,,, f.riendeau@hotmail.com,,0,6,6
" 95, rue Talbot", G6V 4J5, (418) 334-0445,, (418) 338-4805, residencesrobertsonville@bellnet.ca,,0,12,12
" 320, rue Grondin", G0N 1G0, (418) 351-0080,,, serviceresieb@cgocable.ca,,10,0,10
" 64, rue Saint-Jean-Baptiste O.", G5V 3B7,,,, direction@traitdunionmontmagny.com,,10,0,10
" 428, 15e Rue Ouest", G0M 1G0,,,, sophiestpierre05@gmail.com,,7,0,7
" 381, rue Houle", G6G 5W2, (418) 755-0787,, (418) 755-0141, vgosselin@coopservicesadomicile.com,,22,0,22
" 178, rue Principale", G0R 3J0, (418) 807-0602,,, lavillasousleclocher@videotron.ca,,9,0,9
" 1015, boulevard des Laurentides", H7G 2V8, (450) 933-6610,,, administration@laviron.org,,23,0,23
" 1255, rue Nicolet", H7L 2P3, (450) 662-6950,,, gic_mdy@foh3L.org,,5,0,5
" 3320, rue des Châteaux", H7V 0B8, (450) 688-0184,,, directiongenerale@omhlaval.ca,,38,0,38
" 425, place Jean-Coutu", H7H 3C8, (450) 624-9922,,, pbelanger@lepilier.org,,25,0,25
" Appartement 24 , 315, 15e Rue", H7N 1L3, (514) 718-1837,,, habitationspopulaires@gmail.com,,7,9,16
 Case postale 18002 Sainte-Rose, H7L 6B2, (450) 662-6950,,, gic_hrrl@foh3L.org,,0,16,16
" 15, rue de Berri, appartement 01", H7G 2W4,,,, chee1@sympatico.ca,,30,0,30
" 5025, chemin du Souvenir", H7W 0J9,,,, admin@habitationsararat.com,,37,0,37
" Bureau 101 , 925, avenue de Bois-de-Boulogne", H7N 4G1, (514) 781-9782,,, habitationsrendezvous@gmail.com,,0,20,20
" 181, rue L'Allier", H7L 2K9,,,,,,0,0,0
" Appartement 11 , 1151, rue Vincent-Massey", H7V 3N3,,,,,,25,0,25
" 2310, boul. de Maisonneuve Est", H2K 2E7, (514) 627-4517,, (514) 527-7388, avillanueva@fohm.org,,0,14,14
" 1313, boulevard Chomedey", H7V 0A2, (450) 687-0313,,, l.duckett@le1313chomedey.com,,0,0,0
" 1620, rue des Patriotes", H7L 2N6, (450) 628-0907,,, aubergeducoeur@envolee.qc.ca,,0,0,0
" 260, boulevard Cartier Ouest", H7N 6K7, (514) 718-1837,,, maisonmarigotlaval@gmail.com,,20,0,20
" Bureau 1 , 6135, boulevard des Laurentides", H7H 2V3, (450) 628-3246,, (450) 628-0885, coordonnatrice@relais-familial-auteuil.org,,0,15,15
" 3270, boul. Saint-Elzéar Ouest", H7P 0L5,,,, admin@residenceestia.org,,96,0,96
" 674, rue Masson", J6A 8K7, (450) 470-1171,,, alr.rmr@videotron.ca,,38,0,38
" 785, boulevard Manseau", J6E 3G1, (450) 752-0556,,, administration@crcjoliette.ca,,0,0,0
" 105, rue Marie-Curie", J5E 0V2,,,, comptabilite@defislogis.org,,11,0,11
" 100, rue Saint-Jacques", J0K 2R0, (450) 839-3225,, (450) 839-2823, habiation.p.r@gmail.com,,3,0,3
" 87, rue du Sacré-Coeur", J5Z 1W9, (450) 932-3030,,, hcdc@videotron.ca,,14,0,14
" Appartement 108 , 48, avenue des Bouleaux", J6E 1B8, (450) 752-1415,,, habiservice@videotron.ca,,0,0,0
" 864, boulevard Manseau", J6E 3G3, (450) 753-7735,, (450) 753-4095, huldirectiongenerale@hotmail.com,,0,0,0
" 1284, boul. des Seigneurs , Case postale 94043", J6W 5V4,,,, hulterrebonne@hotmail.com,,0,0,0
" 209, rue Guibord", J0K 3E0, (450) 759-6300,,,,,9,0,9
 701 rue Marcel de la Sablonnière, J6Y 0M4,,,, info@lepasdedeux.org,,0,0,0
" 900, 12e Avenue", J5M 2W2, (514) 292-6244,,, habitationssll@gmail.com,,11,0,11
" 557, rue des Champs-Élysées", J5Y 4C5, (514) 213-0227,,,,,0,0,0
 33 rue Vézina, J0K 3H0,,,, residences.achigan@gmail.com,,12,0,12
" 1000, rue Bel-Âge", J0K 1W0,,,,,,1,0,1
" 387, rue Baby", J6E 2V9, (450) 752-6570,,, org@propulsion-lanaudiere.com,,5,0,5
" 198, 8e Rue", J0K 1B0, (450) 389-0618,,, manoirduboise@videotron.ca,,7,0,7
" Bureau 200 , 1948, ch. Notre-Dame-de-la-Merci", J0T 2A0, (819) 424-4240,,, manoirdufresne@gmail.com,,16,0,16
" 301, boulevard J. A. Paré", J5Z 5E3, (450) 582-4734,,, info@manoirdesseigneurs.com,,49,0,49
" Bureau 01 , 404, boulevard Terrebonne", J6W 2G8, (450) 471-9424,,, pavillon.harmonie@videotron.ca,,25,0,25
" 387, rue Baby", J6E 2V9, (450) 752-6570,, (450) 752-1062, org@propulsion-lanaudiere.com, propulsion-lanaudiere.com,23,8,31
 Case postale 147, J6A 5H7, (450) 582-6000,,, info@regardenelle.org,,6,0,6
" 1090, route principale", J0K 3A0,,,, residencedailleboust@outlook.com,,10,0,10
" Appartement 309 , 896, boulevard Iberville", J5Y 1Z7,,,, residenceclairemarchand@gmail.com,,0,22,22
" 739, rue Notre-Dame, app. 101", J5Y 1N1, (450) 581-6294,,, residence.rivenord@videotron.ca,,13,0,13
" 411, rue Arbour", J0K 2K0, (450) 886-2034,,, info@residencedrlucienferland.com,,8,0,8
" 420, rue Gaston", J0K 3K0, (450) 882-9119,,, residencegeorgeslallier@gmail.com,,10,0,10
" 515, rue St-Antoine", J5M 0H5, (450) 439-6776,,, reslaurier@videotron.ca,,44,0,44
" 1010, rue Montcalm", J0K 1A0, (450) 836-3619,,, rcscberthier@hotmail.com,,13,0,13
" 150, rue Jetté", J6E 0V4, (450) 867-1127,,, residence.des.prairies@videotron.ca,,22,0,22
" 300, place de Courville", J5W 6E6, (450) 589-2750,,, jrobillard@residencesdumeandre.com,,51,0,51
" 450, rue Bellevue", J0T 2C0, (819) 419-0295,,, info@rpnh.ca,,13,0,13
" 144, rue Saint-Joseph", J6E 5C4, (450) 759-1088,, (450) 759-2100, slop@videotron.ca,,11,49,60
" 220, rue Labelle Sud", J0T 1T0,,, (819) 275-1988, adm.rcc@bellnet.ca,,19,0,19
" Appartement 102 , 1160, avenue de Péribonka", J7G 2Z7,,,, agiroux@legicochp.com,,6,0,6
" 1020, rue Jean-Louis, bureau 107", J5L 1R7, (450) 569-9028,, (450) 569-0146, labellefeuilloise@videotron.ca,,15,14,29
" CRDP de la rue Boyer , 11, rue Boyer", J7Z 2K5, (450) 432-7588,, (450) 432-8332, psl.cissslau@ssss.gouv.qc.ca,,18,0,18
" 850, avenue du Bourg , suite 500", J7Z 0H5,,,, groupelogiloge@cgocable.ca,,50,0,50
" 245, rue du Curé-Majeau", J6E 8S8, (450) 752-5899,, (450) 753-5633, Lynda.Michaud@ssss.gouv.qc.ca,,15,0,15
" 45, rue Godon Ouest", J8C 3E4,,,, m.berthet@rqoh.com,,15,0,15
" 26, rue Queen", J0V 1J0, (819) 242-4598,, (819) 242-5891, crheault@grenville.ca,,0,12,12
" Appartement 10 , 1176, rue de la Pisciculture", J0T 1J2, (819) 713-0477,,, domainebellevue1176@gmail.com,,9,0,9
" 195, rue Principale", J8G 2Z7,,,, yolande_stpierre@hotmail.com,,11,0,11
" 401, rue de l'Accueil", J7R 5X7, (450) 472-0926,, (450) 472-5480, domainechenier@videotron.ca,,1,0,1
" 401, rue de l'Accueil", J7R 5X7, (450) 472-0926,, (450) 472-5480, domainechenier@videotron.ca,,0,24,24
" 236, rue Principale", J0V 1J0, (450) 566-2023,,,,,12,0,12
" 6, chemin Sshippel", J0T 1A0, (819) 421-2487,,, hsjbmontcalm@hotmail.com,,15,0,15
" 1, place de la Mairie", J0R 1R6, (450) 227-2483,,, HABITATIONDELAVALLEE@GMAIL.COM,,3,0,3
" 747, rue de la Station, app. 6", J0R 1T0, (450) 662-6950,,, sdaigneault@icloud.com,,5,0,5
" 623, rue l'Allier", J9L 3P5, (450) 662-6950,,, gic_hjvmL@foh3L.org,,0,12,12
" a/s de Groupe Logiloge , 3675, Chanoine-Moreau, bur. 211", G8Y 5M6,,,, groupelogiloge@cgocable.ca,,24,0,24
" 6200, rue Morin", J0T 2R0, (819) 840-1211,,, groupelogiloge@cgocable.ca,,5,0,5
" Appartement 101 , 1265, boulevard Curé-Labelle", J7C 4K5, (450) 971-2444,, (450) 971-2555, hsolidaires@gmail.com,,16,0,16
" 567, chemin du Village", J0R 1H0, (450) 226-7345,,,,,0,0,0
" 531, rue Labelle", J7Z 5L8, (450) 504-2347,,,,,0,0,0
" 3419, chemin d'Oka,bureau 13", J0N 1M0,,,, infos@lachacuniere.org,,12,0,12
" 298, rue Labelle", J7Z 5T7,,,,,,0,0,0
" Case postale 35 , Succursale Centre-Ville", J7Z 5T7, (450) 432-9355,, (450) 432-8005, arianecoordo@maisondariane.ca,,0,10,10
" 2109, Chemin des Hauteurs , appartement 110", J0T 2J0,,,, maisonlucioles@hotmail.com,,6,0,6
" 1034, chemin Durand", J0R 1B0, (514) 824-7359,,,,,13,0,13
" 1561, chemin Beaulne", J0T 2R0, (819) 322-7014,, (819) 322-6930, administration@maisonemmanuel.org, www.maisonemmanuel.org,0,17,17
" 1000, chemin du Plan-Bouchard", J7C 3S9, (450) 434-5244,,, manoir.blainville@videotron.ca, www.ville.blainville.qc.ca,35,0,35
" 27, rue du Couvent", J0T 1H0,,,, manoirlabellois@hotmail.com,,21,0,21
" 390 boul Jean-Baptiste Rolland E , 100", J7Z 0L2, (514) 836-7668,,,,,11,0,11
" 11, boulevard René-Lévesque", J0V 2B0, (450) 258-1900,,, laplacidienne@videotron.ca,,7,0,7
" 235, Terrasse Cadot", J0N 1H0, (450) 478-8585,,, residencedesmoissons@videotron.ca,,26,0,26
" 102, rue Vert-Pré", J0T 1G0, (819) 687-2103,,, residencevalleedelarouge@gmail.com,,16,0,16
" 315, montée Gagnon", J6Z 2X1, (514) 527-6668,,, info@fohm.org,,10,0,10
" 170, rue de la Vallée-du-Golf", J8B 1P5, (450) 475-0133,,, echelon.pdh@cgocable.ca,,30,0,30
" 287, rue McLaughlin", J0T 2L0, (819) 421-0026,, (819) 687-9282, letraitdunion@live.ca,,22,0,22
" 6, rue Thérèse Hétu", J8C 0B1,,,, pascalbader@cgocable.ca,,12,0,12
" 570, rue de la Madone", J9L 1S7, (819) 623-7865,, (819) 597-2410, vda@tlb.sympatico.ca,,0,12,12
" 6180, rue Agathe", J4Z 1E1, (450) 466-6799,, (450) 676-5686, direction@actionintegration.org,,16,0,16
" 536, rue Chicoine", J7V 1E4, (450) 218-6418,,, direction@aiguillage.ca,,0,0,0
" 150, rue Saint-Eugène", J6S 2G7, (450) 373-8195,,,,,0,0,0
" 2860, rue Sainte-Anne , Case postale 101", J0P 1T0, (450) 451-6590,, (450) 764-3113, veronique.rivet@frohme.org,,0,10,10
" 1-245, 6e Avenue", J2X 0C6,,,, olalonde@rphrhr.com,,27,0,27
" 6800, boulevard Hébert", J6S 6G4, (450) 371-5177,, (450) 377-2253, autrerive@bellnet.ca,,14,0,14
" Bureau administratif , 135, rue Adélaide", J3P 1X1, (440) 201-0786,,, robert.bisson@frohme.org,,0,24,24
" 44, rue Rémillard, bureau 11", J7X 1B1, (450) 267-2759,,, naomi.tremblay@frohme.org,,0,10,10
" 95, rue de Carillon, bureau 39", J6J 5Z7, (450) 692-4767,, (450) 692-2138, manoirlanctot@gmail.com,,23,0,23
" 155, rue de Gaspé Est", J6J 2N9, (450) 962-9652,,,,,0,0,0
" 315, rue MacDonald, bureau 105", J3B 8J3, (450) 348-6121,, (450) 348-8440, Info@lerenfort.com, www.lerenfort.com,0,31,31
" 30, rue Saint-Thomas, bureau 200", J6T 4J2, (450) 371-4816,, (450) 371-2301, b.asselin@lafras.com,,0,32,32
" 280, rue de Bonaventure, app. 4", J6J 5X6, (450) 201-0786,, (450) 699-7014, robert.bisson@frohme.org,,12,16,28
" 155, rue Brodeur", J4J 2S3, (450) 468-1726,,, hclongueuil@gmail.com.,,108,0,108
" 311, rue McLeod", J6J 2H8, (450) 201-0786,,, ivelina.nikolova@frohme.org,,27,0,27
" 85, rue Jogues", J6J 2H8, (514) 812-4041,,, habitationrivesaintecatherine@gmail.com,,15,0,15
" 311, rue McLeod", J6J 2H8, (450) 638-8333,,, trilogis@outlook.com,,22,0,22
" Case postale 45 , Sainte-Martine", J0H 1V0, (450) 201-0786,, (450) 699-7014, nathalie.grimard@frohme.org,,7,0,7
" 75, rue Saint-Laurent, app. 100", J5R 1H1, (450) 659-7514,, (450) 659-7600, nansie.baril@frohme.org,,0,32,32
 Case postale 537, J0H 1W0,,,,,,0,0,0
" 250, rue Radisson", J3H 2Z4, (450) 464-0339,,, orh@mrcvr.ca,,0,16,16
 1704 rue Saint-Georges, J4P 3J2, (450) 672-4597,,,,,0,0,0
" Appartement 7 , 1036, boul. Saint-Jean-Baptiste", J6R 2P4, (450) 699-3254,,, habitation.philomene@hotmail.com,,14,0,14
" 982, boul. Saint-Jean-Baptiste", J3G 6V9,,,, gdumouchel26@gmail.com,,10,0,10
" 80, rue Académie, bureau 1", J6T 4X1,,, (450) 371-1426, accueil@omhvalleyfield.ca,,0,12,12
" 8105, route Marie-Victorin", J3R 4Y4,,,, bourgchemin@videotron.ca,,5,0,5
" 90, rue West", J0S 1H0, (450) 957-8557,,, joanieg.hdthsl@hotmail.com,,24,0,24
 90. rue Foucreault, J0L 2K0,,,, la.gaillarde@videotron.ca,,27,0,27
" 67, rue Pinsonneault, bureau 113", J5A 2T4, (450) 699-3060,,, ivelina.nikolova@frohme.org,,13,0,13
" 300, rue Lamarre, bureau 121", J4J 0A1, (450) 670-0006,,, habpaulpratt@bellnet.ca,,86,0,86
" 320, rue Conrad-Pelletier , Bureau 100", J5R 4B2, (514) 444-0573,,, claude.sirois@frohme.org,,10,0,10
" 71, rue de Ramezay, bureau 212", J3P 3Z1,,,, grths.claude@videotron.ca,,10,0,10
" 1005, rue Normandie, bureau 13", J0L 1N0, (450) 649-9154,,, francois.st.p@videotron.ca,,0,12,12
" 19, rue Donais, bureau 200", J2W 2J7, (450) 359-4802,, (450) 359-9618, handilogement@videotron.ca, www.handi-logement.org,0,24,24
 200-230 boul. St-Jean-Baptiste, J6K 3B8,,,,,,6,0,6
" 1215, boulevard Sainte-Foy", J4K 1X4, (450) 442-4777,, (450) 442-1953, marleneharvey@lacasabernardhubert.org, www.lacasabernardhubert.org,31,0,31
" 330, rue Laurier", J3B 6L3, (450) 346-5422,,, sylvie.leduc@mereenaction.ca,,22,0,22
" 5210, chemin de Chambly , Bureau 102", J3Y 3N6,,,, info.lappartamoi@gmail.com,,9,0,9
" 404, rue Main", J0P 1H0,,,,,,13,0,13
" 66, rue Saint-Pierre", J5A 1C1, (450) 845-1700,,, maisongoeland@videotron.ca,,17,0,17
" 79, rue du Zouave", J6T 2W4, (450) 371-9630,, (450) 371-9630, adjointe@mhdv.org,,13,9,22
 Case postale 368, J3B 6Z5, (450) 346-1645,,, maison.hina@qc.aira.com,,0,0,0
" 5000, boulevard Laurier Ouest", J2S 3V2, (450) 773-7333,,, info@maisonlalcove.com,,0,0,0
" 2290, rue Saint-Joseph , Case postale 653", J2S 7P5, (450) 773-8818,,, info@maisonlebaluchon.org,,0,0,0
" 177, rue Longueuil", J3B 6P2, (514) 346-5706,,, info@pointcommun.ca,,12,0,12
" 115, rue de la Rivière", J0H 1E0, (450) 699-7014,,, nansie.baril@frohme.org,,0,16,16
" 39, rue de l'Olivier", J5A 2H1, (438) 520-8241,,, PALRSO@hotmail.com,,0,16,16
" 245, 6e Avenue, bureau 1", J2X 0C6,,,, MJDG@VIDEOTRON.CA,,0,0,0
" a/s de la FROHME , 311, rue Mcleod", J6J 2H8, (450) 201-0786,, (450) 699-7014, naomi.tremblay@frohme.org,,0,10,10
" 80, rue Notre-Dame, app. 05", J5R 1M1, (450) 444-5941,,, nansie.baril@frohme.org,,0,28,28
" 21, rue Saint-Pascal", J0L 2R0, (450) 583-0022,, (450) 583-6761, resfdansereau@videotron.ca,,34,0,34
" 498, rue Grandiloise, app. 100 , Secteur Grande-Ile", J6S 5T4,,,, mhadjadji@gerersonquartier.com,,0,14,14
" 10, rue Saint-Anne", J0P 1X0, (450) 265-3003,,, r.seigneurie@videotron.ca,,10,0,10
" a/s du RPHRHR , 245, 6e Avenue", J2X 0C6,,, (450) 347-9059, seigneurieiberville@outlook.com,,12,0,12
" 2255, chemin du Tremblay", J4N 0A8,,,, Seigneuriedutremblay8@gmail.com,,71,0,71
" 1160, boulevard Nobert", J4K 2P1, (450) 442-3333,,, csavaria@alzheimerrivesud.ca,,3,0,3
" 317, chemin du Fleuve", J0P 1B0, (450) 763-5557,, (450) 763-5557, shcdl@videotron.ca,,34,0,34
" 311, rue McLeod", J6J 2H8, (450) 699-1392,, (450) 699-8297, fg@solides.info,,84,0,84
" 300, rue Donald", J0H 1V0, (819) 558-2031,,, valbonheurstnazaire@gmail.com,,2,0,2
" 2150, rue Nicolas-Perrot", G9H 3B9, (819) 294-9292,,, claneuville.direction@chrysalide.ca,,0,0,0
" 2065, rue Bécancour", G0S 1V0,,,, lystereld@gmail.com,,9,0,9
" 490, rue Brock", J2B 1E4, (819) 478-3810,, (819) 478-5136, info@ensoleilvent.org,,4,0,4
" 500, rue Morse", J2B 0W9, (819) 850-2966,,, coordonnatrice_envoleedesmeres@outlook.com, www.lenvoleedesmeres.com,15,0,15
" 1856, rue Dublin", G0S 1K0, (418) 222-3435,,, groupeclaudebisson@live.fr,,4,0,4
" 625, rue Lindsay", J2B 1H8,,,, direction@tremplin.org,,14,0,14
" 330, rue Blais", G6P 1H8, (819) 752-7197,, (819) 375-1234, gestionltraversy@cgocable.ca,,0,12,12
" 295, rue Cockburn", J2C 5X6, (819) 474-1227,,, marie-pier.maillet@ohdrummond.ca,,48,0,48
" 320, rue Saint-Alphonse", J2B 8P9, (819) 477-4337,,, logements.adapte.drummond@gmail.com,,11,0,11
 Case Postale 38, G6P 6S4, (819) 795-3568,,, adj-adm@lavolteface.org,,0,0,0
" 320, rue Blais", G6P 1H8, (819) 751-3232,,, maisonlecoudrier@videotron.ca,,11,0,11
" 920, Chemin Hemming, App. 109", J2B 8S4, (819) 850-4459,,, direction@maisonnormandleveille.ca,,17,0,17
" 289, rue Brock", J2B 1C5, (819) 477-6986,, (819) 477-3827, info@fechmacq.ca,,1,0,1
" 1850, route Dublin , Case postale 151", G0S 1K0, (418) 453-2259,,, residencedublin@outlook.com,,1,0,1
" 501, avenue Provencher", G0S 1P0, (819) 365-4748,,, residenceprovencher@outlook.com,,7,0,7
" 15-A, rue Caron, appartement 13", J0A 1B0, (819) 363-2285,, (819) 363-5877, residencessaintaime@gmail.com,,10,0,10
 Code postale 396, J2B 6W3, (819) 472-5444,,, rdv@cgocable.ca,,0,0,0
" 216, rue Principale , Bureau 200", G0N 1N0,,,, villaversantdulac@hotmail.com,,7,0,7
